"Data Source","World Development Indicators",

"Last Updated Date","2026-01-28",

"Country Name","Country Code","Indicator Name","Indicator Code","1960","1961","1962","1963","1964","1965","1966","1967","1968","1969","1970","1971","1972","1973","1974","1975","1976","1977","1978","1979","1980","1981","1982","1983","1984","1985","1986","1987","1988","1989","1990","1991","1992","1993","1994","1995","1996","1997","1998","1999","2000","2001","2002","2003","2004","2005","2006","2007","2008","2009","2010","2011","2012","2013","2014","2015","2016","2017","2018","2019","2020","2021","2022","2023","2024",
"Aruba","ABW","Merchandise trade (% of GDP)","TG.VAL.TOTL.GD.ZS","","","","","","","","","","","","","","","","","","","","","","","","","","","59.1735537190083","60.4868270332188","73.5777153558052","73.1815261044177","96.2337472607743","261.677130044843","251.810023310023","240.482207323363","224.432286995516","222.917089678511","273.065587044534","250.743617797228","161.106004696411","196.354409857328","272.544938392357","252.839903165503","178.658484494689","217.649550692","311.508971303572","368.81085286989","382.179374341623","385.86198392732","403.338053304628","172.331880060114","67.6150101356144","420.682041133745","131.347086007225","60.7071689689423","57.6526922278532","53.3260125239389","47.659946400395","40.7123472977607","43.5261995479144","39.9507181869725","38.4394524015552","41.2023619972114","47.7431875958782","40.6286793585276","38.6107566290881",
"Africa Eastern and Southern","AFE","Merchandise trade (% of GDP)","TG.VAL.TOTL.GD.ZS","32.5377462726875","30.911803707118","28.9205814941271","27.7977123773432","33.3195011049979","31.9993123548845","30.3453816470722","31.1211385758493","30.4858450510665","29.6695742981465","32.4240908984543","32.7038088657108","30.5262611907123","31.4196565676571","36.2412614954928","34.3480055775063","32.2062331223766","30.9724855625882","31.8437838759575","35.4297589687646","44.03081645724","40.8941581715536","36.2829568807238","32.9704055083624","35.3406627007973","36.1092298166312","36.5853737181176","36.159761769578","36.835740347535","35.7229795452044","32.0915933854252","28.777424302312","34.0718402869137","34.3316739615257","36.918416160316","38.509734130082","40.7647339380184","40.8393195330715","39.4243426637145","39.2956007047435","39.9561203013879","43.1454044211281","43.806237812366","41.6030372425133","42.9779490428711","44.7031052905004","47.4663119450971","49.993293383275","56.862400144801","45.6821594912417","48.1010786019602","53.1248748513013","53.2936115072466","53.5188918592858","51.5186740695935","47.5302881045537","45.7608971325283","43.7652100438353","46.9118085114867","43.8218192794776","41.4262589776498","46.3249480680323","48.1281903228893","48.6818664446682","47.0811973980803",
"Afghanistan","AFG","Merchandise trade (% of GDP)","TG.VAL.TOTL.GD.ZS","","","","","","","","","","","","","","","","","","","","","","","","","","","","","","","","","","","","","","","","","37.2861153562819","62.6961085165883","66.706721386688","49.6577396307908","47.503331331458","46.0242129627266","45.3257251908116","35.6590129713989","35.2151092529739","30.1139981175203","34.9505949530686","38.7023981567049","47.711069772368","45.0154491943557","40.4885980855756","43.3464195931026","39.3562305524053","41.5283443929765","45.8754658013193","40.6448180105462","36.6557727324253","43.8008555178664","32.0681644111416","27.4424883967104","21.4181363539681",
"Africa Western and Central","AFW","Merchandise trade (% of GDP)","TG.VAL.TOTL.GD.ZS","31.9781704457392","32.0072591638215","29.5121287757849","29.8373027852291","31.259199270871","31.6632736195249","29.6173029193884","31.7349618505013","31.7798981316714","32.3140904952161","25.2423906485104","32.4496080661777","29.9810375547879","33.6907666625936","44.4260791285597","43.6687244370793","45.8581998105858","53.9165355804677","51.0266879060269","49.239849511742","55.3735993409759","27.9334434819342","24.9652442163001","27.8976346980787","30.6699109042044","29.9873048068191","27.8073579173854","29.6241651892094","29.5847764934671","36.3271702608586","36.7185374471564","34.729338059976","37.0691194113153","33.1834195464393","30.2909279606281","25.0808462272426","21.657394836779","21.2497268942862","17.5881314934177","40.7203669386655","44.7714979991218","43.5751250531057","36.0796619376785","38.9960959482551","43.2531995313398","45.4372451552906","42.2784305918076","43.1614882170246","46.4756536944956","39.3651248859656","43.1379083446767","49.5580158611064","45.8924105078413","39.3171885267977","38.6576545381808","32.0102749746021","30.8656150957235","32.064630564109","34.3348103839554","26.8210336901632","23.3853058847174","27.4366848023301","31.5330488469875","33.9948791291918","43.484456762724",
"Angola","AGO","Merchandise trade (% of GDP)","TG.VAL.TOTL.GD.ZS","","","","","","","","","","","","","","","","","","","","","54.1438016792773","63.3818710408577","45.3113717077195","48.4929866825898","53.6412521463045","48.2654015030775","34.188584728844","42.9344746672636","44.3337784098411","42.6690203402217","48.8712086596128","44.8613415476191","69.1277162932291","90.5746789257369","100.758822592538","92.2590960553569","94.799367559034","99.4197438612615","86.4095988731513","134.342646298993","120.060090681288","108.694203263342","69.826365819665","73.6796067623655","71.5127631926719","78.4169991478795","69.2880887809182","79.4889530773252","85.9354468150812","77.7037680693617","70.3968272055644","69.7227082754035","66.0361356696253","63.5411820853144","57.1848027206631","52.5379249269936","67.8526847234907","58.1628138057663","63.1820294384555","61.1808380403475","53.4778017713936","57.6310494089933","52.6460156132811","51.5099005746762","53.6391891384613",
"Albania","ALB","Merchandise trade (% of GDP)","TG.VAL.TOTL.GD.ZS","","","","","","","","","","","","","","","","","","","","","","","","","","","","","28.0806269877495","30.7133758527178","30.0706845948746","46.3822302501318","93.6865118387259","58.5498138229765","39.5544622709823","31.5308344172478","35.3997487655546","34.2246861458873","39.7637709097508","45.4027574861755","37.7172139983997","40.255585688272","40.8416107884283","39.8503059763523","39.3430451687153","39.701291985463","42.0740742434539","47.4051403515478","49.7944475270885","45.7539734767016","49.2282921571006","56.4986737139594","55.9016873464926","56.7242948033375","57.5422260498416","54.218891345498","54.8184299528536","57.0436481712026","57.1864835430605","55.264281792132","52.9870541614998","62.5388560387542","66.8235522771698","55.629240869207","50.3282701412911",
"Andorra","AND","Merchandise trade (% of GDP)","TG.VAL.TOTL.GD.ZS","","","","","","","","","","","","","","","","","","","","","","","","","","","","","","","","","","","","","","","","","","","","","","","","","","","","","","","50.4632709760465","49.60782275672","50.0930073064665","53.1971554658554","54.0016759440349","","57.488709291254","51.9453476202165","66.5560023798325","59.3648903895926","56.7101329718115",
"Arab World","ARB","Merchandise trade (% of GDP)","TG.VAL.TOTL.GD.ZS","45.9462786109791","42.6349828711532","43.0056340573591","47.9652746784594","47.1351577133653","45.1317643294741","47.0147606234176","43.9836089736977","43.910621225165","43.9548881933744","45.0964477925529","48.247308330024","48.7700831280282","54.1432726026126","73.1926914519542","69.1172698545693","67.0929341191475","68.4069793356513","65.8690583894316","69.0940531674393","72.7498835459911","73.9274460386867","67.2923918869761","58.174204651824","54.316657076094","49.4396311503609","42.0370544503027","42.8837304768032","47.681096548931","49.7111464188098","38.3487317300802","49.4809785705263","54.5416217567489","51.5700265775083","50.5065641252747","54.3199441098744","57.9864310854587","55.7683662165717","50.6743044188357","50.4795068455255","55.9448829288209","54.7927028166239","57.0228681035377","61.6738664928397","69.2678026268221","73.7532159920275","73.7385506865896","77.4590950058607","82.8623072981728","72.7357709939878","74.0038632332539","77.9234260130113","80.5795292165099","79.6636973904035","74.2179590269005","66.9225110332497","62.4713029957372","65.2472947073415","67.6416270308113","66.5695312664857","60.8148902353381","68.6789600799448","73.5810946257016","73.8442747887156","75.4920044336786",
"United Arab Emirates","ARE","Merchandise trade (% of GDP)","TG.VAL.TOTL.GD.ZS","","","","","","","","","","","115.16258237713","125.546125695424","115.823273190013","62.1093994717983","69.6819811654841","67.5713852742956","66.9957509236218","59.0669540182526","60.9738549852783","66.0290294913007","70.4508985139633","64.9174480820307","60.5284308684678","58.8599156118143","56.0563185363279","57.4554254776728","50.2657170142929","53.8849778017354","56.6826129400457","66.5766374541776","68.524675889859","74.0647837757863","77.7408624291856","83.8001929480901","82.9237367311411","79.3110617580642","92.2874285396919","94.534420803129","87.7774464402657","80.7562531035773","81.3169797927339","82.9596737846984","86.3397191916687","95.868509422724","110.319428147766","111.805907964327","110.592393496322","127.465077750457","139.326582257953","142.743746883399","130.156840346782","144.211491744395","156.890593913211","157.407609035241","145.683392905316","147.626648137006","147.126502829107","141.642429446494","143.601744051294","156.218957745825","163.023557247707","182.910344646439","183.048058200475","199.145963565411","207.764145787865",
"Argentina","ARG","Merchandise trade (% of GDP)","TG.VAL.TOTL.GD.ZS","14.6733715848601","12.0404006853661","14.0312102521686","12.8392300921298","9.71285209107025","9.49736435145393","9.48988805048387","10.5579218347993","9.5964508044544","10.1995488156995","10.9770038885701","10.8370480999795","11.0730427565048","10.4598050924408","10.4449704660806","13.1734899234731","13.5803555138186","17.2839505865141","11.4924905713333","20.9523639416253","24.1184199896689","23.6066921870974","15.3746725069663","11.8677688070133","10.8557450655549","13.8512495570217","10.9339195053468","11.191894971063","11.3933117031478","17.9851869802937","11.6227035712622","10.6752064512818","11.848556815874","12.6306426385834","14.44453076445","15.9240093515624","17.4804496421547","19.4018281835286","19.3495027985613","17.2264683993891","18.1190431160743","17.4408510709564","35.4467669076716","34.0160118326352","34.629974908102","34.7393625713073","34.7002711144739","34.9475958389525","35.258516452524","28.36776900922","29.5023394337096","29.8722198953467","27.0990432264413","27.2460417167365","25.4864119079835","19.6703052646326","20.4045569707469","19.5114139324649","24.2488903055263","25.5139709712499","25.2086565639736","29.0029626540922","26.8840186998715","21.6816484498854","22.0060466657254",
"Armenia","ARM","Merchandise trade (% of GDP)","TG.VAL.TOTL.GD.ZS","","","","","","","","","","","","","","","","","","","","","","","","","","","","","","","","","22.7052129340082","34.1293283488329","46.3822373202036","64.3593801547637","71.7609445506319","68.6187974573829","59.3010678787434","55.9203451045593","61.5203154968646","57.4471764388922","62.7857591464102","70.0376655125462","57.9877862332958","56.6476333280113","49.7615138605683","48.0105948140456","47.0157850973408","46.6122725237781","51.7694607543656","54.0222795288","53.1201587033561","53.5630899484731","50.9926632939062","44.7630902712751","48.0270677989147","55.8145568976783","59.1991901447577","59.8709600659714","56.1870697457608","60.3793873426584","72.4062585139894","88.108888074048","116.19603166762",
"American Samoa","ASM","Merchandise trade (% of GDP)","TG.VAL.TOTL.GD.ZS","","","","","","","","","","","","","","","","","","","","","","","","","","","","","","","","","","","","","","","","","","","170.703125","204.389312977099","203.339882121807","176","203.853955375254","152.702702702703","161.607142857143","143.111111111111","118.848167539267","113.157894736842","127.8125","135.8934169279","148.833592534992","156.612184249629","155.439642324888","162.091503267974","161.189358372457","164.605873261206","162.968099861304","146.4","117.680826636051","","",
"Antigua and Barbuda","ATG","Merchandise trade (% of GDP)","TG.VAL.TOTL.GD.ZS","","","","","","","","","","","","","","","","","","52.8981698284513","61.3352404189979","91.243959311953","86.0690118002349","101.078467831908","96.128170894526","69.780021637216","70.6830953959999","74.2784125075165","76.2863757436957","76.6865270036517","64.9009245838472","45.696803013906","57.6539217354975","68.4066357741369","71.7912911006729","68.0617302542412","61.7519493754888","64.7672754818618","59.3396884952664","56.7793276649823","53.3053839985369","54.0964640487241","50.9431868163488","48.6457748766872","48.8813741056148","49.256407551946","49.7890721701569","51.4906816209706","53.5409895679447","52.9117788407667","51.8733221895412","42.1920076931296","42.1304563633563","37.751699574495","40.6673957940387","43.153647550603","45.7675063330925","35.8264561824792","36.1841205590351","37.462808660967","43.6344911984271","42.8046449464862","36.8366645502201","38.3864957209634","45.1095594406843","43.6238140785358","38.7747386590667",
"Australia","AUS","Merchandise trade (% of GDP)","TG.VAL.TOTL.GD.ZS","25.2848259150189","24.00431409579","24.5365282442748","25.869769063441","26.7286530730195","26.0126719722736","24.8013801998444","24.2787829763785","24.087879684135","23.8389171574904","23.7370478409091","23.0567865477839","22.0442113285365","26.5193538042171","25.8154404830838","23.2397184539492","24.1661019924042","24.322946708464","25.2678192951106","27.2803210480731","29.5225269834205","26.9215168336818","24.715027169747","23.4171524092193","25.3058153229161","26.8122872181248","26.6399133224604","29.48398821129","29.3189898348893","27.3285893593884","26.2111420317786","25.5814346304587","26.575314901327","28.2497752041147","31.2287467418241","31.0241944103794","31.2785383046394","29.5199482728377","30.1035418540863","32.0836966080553","32.4774197025502","33.4617008694008","34.7402011853211","34.0352513040062","31.828345975775","33.2052504083372","35.0389578661532","35.8034920114091","36.6130325382876","34.3222954443053","35.9435184474478","36.7395646468253","33.3358364239858","31.2628205054939","32.3682404723974","29.1998300964504","32.0880496334806","34.5566356606503","34.3638645983702","35.2250251981782","34.6984435892602","38.8326417356959","42.5725570561367","37.9839441686945","36.2641353501553",
"Austria","AUT","Merchandise trade (% of GDP)","TG.VAL.TOTL.GD.ZS","38.2845252932187","36.5749111375611","36.1347957420112","35.6665313196941","35.9141109407736","36.8564580409001","36.6743487772272","35.3945196875477","35.8803906166077","38.3733963409361","41.8343049860508","41.3637170408748","41.4095203093822","42.1838741372524","46.1692494725544","42.3860271261429","46.805797652089","46.8468855202585","45.6145622432879","48.518830556543","51.3020349514915","52.12844356851","49.5013022945926","48.5115727817442","52.2275445162494","55.3063766287468","50.0475152004694","48.4241486377058","50.6335309909212","53.4647923880922","54.5264167955934","53.1015933212552","50.7678210143466","47.3601706999501","49.4406517596623","51.6359894340625","53.7086728775078","59.2859186675961","61.5424416251076","63.4788150763818","71.4154641008573","73.9953515963242","73.752136507463","75.4191751435435","79.6366004917505","80.4290925917771","82.0479467147267","84.459832973474","85.1707134306561","70.1374731871587","79.9247792532452","85.9869277874227","84.8490685366677","84.0247028809348","82.1557526708522","81.3534909714603","78.6885817672096","82.8535414874395","83.6393743645607","82.0409525855442","78.6990993444962","87.8991813719515","94.1310124821577","87.1555452861932","79.6446130606383",
"Azerbaijan","AZE","Merchandise trade (% of GDP)","TG.VAL.TOTL.GD.ZS","","","","","","","","","","","","","","","","","","","","","","","","","","","","","","","","","577.746519781747","103.732022292994","120.103145182813","53.9024194863624","50.0864569640635","39.7237770319476","37.8061326512818","42.8922371592805","55.3235842182234","65.6140824177891","61.464818342268","71.71115690198","82.1505378068509","90.5897910081853","87.1416520681525","82.6459298531408","78.1146148709925","62.337970065868","62.7904796891558","67.7166131216159","61.7839183230216","56.6662386717542","49.771540116684","48.6262822287606","57.033833622396","59.3736297126154","67.4619691242571","69.1303137386106","57.3044761436301","61.8527046281673","66.855336945512","70.6683429655547","64.06705873972",
"Burundi","BDI","Merchandise trade (% of GDP)","TG.VAL.TOTL.GD.ZS","14.2857150145773","12.3152714212915","13.1147537297961","11.6004297452239","9.9712365109496","16.9816700459181","18.1329612334558","19.0692904301006","20.7423580786026","17.349636483807","18.9508971660758","19.3796697659072","23.5003750798781","20.043403898978","21.4329060850696","22.3284981313739","26.5380498298669","29.952392741618","27.3669298965956","32.7157943164827","25.3336136098406","24.3538322887787","29.7072047373616","24.1937054183473","29.2763791454756","26.1743845062","29.6240697954097","26.779405453349","31.1344232844621","23.7897710234634","27.0293844582676","29.5528910136009","27.0535372824446","28.1260204064363","37.1879593671436","33.8854836659977","19.1016723679209","21.2766773628938","24.9504699547726","21.2850944224857","22.7459126297585","20.3012170713163","19.2635153563911","24.8517046651251","24.364732660379","29.2718799852513","38.4018823892664","27.8720078703353","28.5388861396267","26.4151682452017","30.0176879175002","39.1356543294187","38.0252256395111","36.9142969969304","33.2985115877981","34.79767113384","28.3030421218661","32.7404242830296","33.3972743148686","37.1575637155146","33.1800084285133","34.579132215953","36.3461351453621","41.0382053898357","38.8329599980013",
"Belgium","BEL","Merchandise trade (% of GDP)","TG.VAL.TOTL.GD.ZS","","","","","","","","","","","","","","","","","","","","","","","","","","","","","","","","","","","","","","","","133.191745594117","154.515899500002","155.868643729224","160.396403255545","154.224754909744","160.472207642901","169.322013039909","175.961465734961","178.906426192097","181.34468665172","149.168522018915","165.893097451447","178.797608387878","177.576543183649","175.623396677852","172.102909290737","167.526247855182","163.94467948923","167.468619971528","170.168592253503","163.172165690893","154.563817626319","180.125749668968","209.827750046798","172.556610796115","156.416562001153",
"Benin","BEN","Merchandise trade (% of GDP)","TG.VAL.TOTL.GD.ZS","21.6626692436385","16.9730139743674","16.072073672237","18.1153928841616","16.3072278236293","16.5569378362186","14.1949217200159","20.5733127103452","22.0640214677975","24.7922706631898","29.0743232880793","35.5146461275158","31.1942633307995","30.7310374010584","32.632906123049","32.5025417562362","34.9365855622091","39.8640208203444","36.3893391215627","30.8540237006618","28.0376788666011","44.6898751309254","38.4925232936601","35.1486404229399","43.2865834608339","50.6831326440405","43.0356356866176","38.9781895664192","49.0049016591586","42.534938100119","28.2147847971546","28.7449222420805","53.8542887525788","41.9861777651601","51.8748813647502","53.7419531504136","50.0610632865581","48.714861258469","46.5562871151984","31.8432020175069","28.5512057910914","27.194202295417","27.9662413816201","26.7887616317878","23.6338626598435","24.3009112245372","27.921082167737","37.7522552869041","36.4844386658282","33.7727295964945","34.9856244790097","33.0954235793169","33.9455922757116","39.8790682467891","48.0860145999601","37.257991006643","39.3027165030984","44.9547686797708","54.1212953053287","48.5280171335178","41.7613807154525","46.0774167090461","49.5426072162145","47.2823789270459","41.9035949346763",
"Burkina Faso","BFA","Merchandise trade (% of GDP)","TG.VAL.TOTL.GD.ZS","4.53936332757709","9.13640333735807","11.328695264956","11.6739219679543","12.6729848737194","12.2955629240797","12.44555742073","11.9799289987198","14.1168491757434","15.6805796383234","14.6159197384765","14.9250272622547","15.3820754944449","18.2283369549167","23.9637849552683","20.7452832706297","20.1731163030034","23.3375348341636","18.2978444445746","21.6187697800576","23.2796894326336","23.2002578275997","22.970160329115","21.808702488056","22.7415931411497","25.9582458051697","23.9649951054305","24.8540515476204","22.7825220896199","18.5809098921631","22.18423974725","20.3824787506792","15.7893521429708","18.065116815534","24.0596345001167","30.7205075815327","34.0221452293093","33.4604052217241","37.4701099157711","27.5256420390002","27.6245877637062","27.5516539517684","27.2198982114431","26.2826605837119","32.0818034253821","28.1142321513942","29.1259771378001","30.174188719598","28.6834735616135","29.3100078980746","35.9954191486557","39.7755155082652","45.8322828867029","49.9914443825335","43.2402857948083","44.4213085692402","45.6154788056682","47.749494530721","47.5454280352741","46.922519234808","47.9435540216211","49.0264856775805","53.8168468408676","51.5149337057476","52.1908799657735",
"Bangladesh","BGD","Merchandise trade (% of GDP)","TG.VAL.TOTL.GD.ZS","","","","","","","","","","","","","14.9962329717218","16.6198291494372","11.3966393560552","8.47372740232484","13.3733798903113","16.982433373833","15.5175134289897","16.491620861715","18.5135677067566","17.2348283365571","17.4517156948571","16.4063376124247","19.8511271169779","15.8943026971595","15.7343379958697","15.5650464195295","16.2985781785075","17.215791232318","16.7382206462125","16.4774372759361","18.3860199222363","19.715665420271","22.3165497327731","26.8715537948486","24.2923519507364","25.0703144417174","25.239794315337","26.9706383826304","28.6154409962779","27.963769792371","26.9369527975655","28.9632814864025","31.2416753197285","33.3726748609199","38.7711046422774","39.0005758704306","42.8102198080366","36.0243405832995","40.7848880856189","47.1613306709726","44.4825350288943","44.1329734101955","41.370467797258","38.1385053984415","30.0371931294657","30.1931233743973","31.0387558116495","28.0245241879077","23.1052807219051","29.9494334110044","30.3476164135234","25.399201082728","25.5765452006502",
"Bulgaria","BGR","Merchandise trade (% of GDP)","TG.VAL.TOTL.GD.ZS","","","","","","","","","","","","","","","","","","","","","101.112791283781","108.203321590337","118.808809843863","147.491497454267","145.382669895709","157.034909941004","144.893939658027","113.910536991566","150.692004975864","142.802279985447","49.0982714482734","98.9678703021371","90.3185109561753","78.2860889929742","88.4724238964992","57.9996789939773","81.0494387873839","87.2206512834958","61.532606801245","69.347595789088","86.0335827210641","87.4047109390975","83.4418302194694","87.0845901339735","93.2228734571147","100.111629193887","111.499132670089","109.110124567033","108.790851074832","76.6130099253957","91.0314924851577","105.389454415753","109.390837641713","114.444364332412","111.939376121659","107.505196358132","102.921603146506","110.908584162746","108.133130604383","103.64231685501","95.0673406632364","103.546548721194","119.200735059349","99.4273622446929","88.5909891312141",
"Bahrain","BHR","Merchandise trade (% of GDP)","TG.VAL.TOTL.GD.ZS","","","","","","","","","","","118.750480149851","137.618515832545","135.372677804767","130.463479243819","230.191250443136","208.896744863163","201.301184685797","194.76533884","173.324187099333","183.457753191818","202.900282336497","214.830451232386","178.582582022764","150.246155471474","150.510893742353","144.591898713259","132.651564869178","133.370575661358","118.864539421652","135.781297886111","155.379621581802","145.287274878589","143.033460260765","128.192095996183","116.623502231489","117.693386712646","129.313697932117","116.491550756009","97.2222947196434","107.073560912966","119.465085909644","110.102309595413","112.649064638109","110.963490573061","113.633602051589","122.95910889638","122.752195740314","115.609756097561","125.612073691724","95.7964560214359","101.5855264137","108.241168144866","95.9190696807519","94.3934415143774","93.0217133084553","89.0069639113042","71.9026987655251","76.6594347991745","83.1859525352275","77.5734876380852","74.6394161017295","89.5122662790637","98.434739997298","86.9864333218757","84.6703989854471",
"Bahamas, The","BHS","Merchandise trade (% of GDP)","TG.VAL.TOTL.GD.ZS","42.4188083140878","48.941693656524","36.7629672055427","37.4500255670103","43.5174","41.2958851174935","46.7128027681661","48.7437185929648","50.0220361392684","64.7855949508075","79.147358665431","135.681897453784","140.125232695888","192.875242211954","530.044275774826","873.029184837303","952.655349634013","957.784011220196","745.795290725613","640.463182973927","940.238148730622","944.479495268139","689.539377811569","495.498614958449","367.007985889961","250.183145179607","242.305358948433","213.780405813574","157.706093189964","183.670803396473","42.6405559065066","42.2993352961596","39.562560308781","36.0931435963778","37.5268487266032","41.3823272090989","42.975893599335","28.4727968719403","30.9663672470665","28.3320774557612","31.6598712061086","27.7115545761334","25.0868129838895","25.2421339580545","26.2608928040957","30.4589170614668","34.7291548845558","35.542278736601","37.0226106783203","32.8993504281724","34.4996315284832","41.0905173055822","41.7428454162158","39.8747529903678","40.2186891221014","30.4538082043657","28.4321894805949","31.3411371506158","31.4684223664503","29.0577690743391","24.5098039215686","33.446872144222","31.4316965056704","32.2434894213328","35.4580364812288",
"Bosnia and Herzegovina","BIH","Merchandise trade (% of GDP)","TG.VAL.TOTL.GD.ZS","","","","","","","","","","","","","","","","","","","","","","","","","","","","","","","","","13.4317633585926","12.6698414632716","78.4359024773889","66.1104618241511","79.611052367821","79.195847908461","85.3823829856784","86.5509627681301","75.0030608898416","75.6126672194803","72.4857285812501","72.2564576087218","75.8919777146691","84.3818217494036","82.9236773991173","87.915797094807","90.0443840813122","72.2552332477062","81.6589550417689","90.6500123288007","88.1246453408107","87.9140986278115","90.9544794518002","85.8552847695189","84.5595729727741","92.2495677398931","91.837271548385","86.595413765737","79.2443864036045","91.4259417726639","102.100441935802","89.1079946217024","83.532645034755",
"Belarus","BLR","Merchandise trade (% of GDP)","TG.VAL.TOTL.GD.ZS","","","","","","","","","","","","","","","","","","","","","","","","","","","","","","","","","41.641602173913","27.7049439593909","37.3440323273197","74.1947684422955","86.8318627130037","113.17622877082","102.60798193007","103.662017227659","125.399855048282","127.375387231267","117.253279517031","120.636541373124","130.781986045712","108.198942845155","113.860506389797","116.989877497419","118.435399735574","98.0339983165753","105.13017255074","138.493686247132","140.766912623373","106.591555588026","97.1704323332788","100.432612082041","106.609849828856","116.030204122623","120.16286262965","112.454289850748","100.935817167688","116.469980933293","103.735429826418","114.422486775642","113.250246640939",
"Belize","BLZ","Merchandise trade (% of GDP)","TG.VAL.TOTL.GD.ZS","74.8063635343548","83.4306692114159","97.3080455628115","94.8144952545297","96.6995445446897","89.7530890052356","89.9886614173228","84.332576419214","93.33352","99.1563164556962","97.4880089988752","93.1024819773429","104.548512771996","97.1683508222396","105.660647592068","131.14029948526","118.441645071726","129.196770080748","136.463683052091","144.268774703557","101.398601398601","107.766059443912","88.111044055522","72.4775891665077","76.8038574134665","75.8788722589628","69.0208667736758","66.2894098625707","70.4709930003559","69.4359600895948","62.1855386718783","63.0151298321166","59.6486207550035","53.7051823440491","53.249516090164","51.1855595641409","49.7448606091382","52.9260517090962","50.2665634784892","56.8163034382716","63.2612158401516","58.5301683983761","64.3132285759271","65.3529700536258","58.9200701041707","61.8599328331361","67.8418757404683","64.4711145816107","75.1242368504975","62.2033216277543","67.6962751725512","78.3477972830731","77.6179024022689","75.521150602318","72.5362168981605","69.718817261531","62.3324216174821","60.5905950201636","61.6383360352783","59.2561397455476","52.5574216696594","61.0638303347856","66.711062252118","59.9207961085489","60.4626286953451",
"Bermuda","BMU","Merchandise trade (% of GDP)","TG.VAL.TOTL.GD.ZS","","","","","","","","","","","","","","","","","","","","","56.9052695597075","47.6254883993835","46.8491387661713","45.0865752192489","46.1600907752084","40.9812397196732","43.0336588179999","34.631701587516","36.6758524672269","38.9610381307005","41.1328811856318","34.5586886048076","38.5141972736472","31.2575551680742","31.223889156586","29.8411916779515","23.6329436556491","23.0494331919339","21.5284015193813","22.951282218652","22.1537782536099","20.5407822831949","20.3950596714237","21.1392503329133","23.6581998852544","21.2401625591397","18.2454427083333","17.6444510122654","16.9484240687679","16.4212740384615","14.8767221652308","14.4629287256417","14.2830534314761","15.8372818275233","15.3414693011587","14.3661298352508","14.4349687988729","15.5831805817609","15.485795208039","15.4240640994468","13.401353551228","14.8696090294192","15.5694777786343","13.9989057308326","14.5013862415526",
"Bolivia","BOL","Merchandise trade (% of GDP)","TG.VAL.TOTL.GD.ZS","32.3590087073007","33.1625615763547","35.0133283273888","35.2092050209205","36.5792975398422","43.5158774373259","39.6","39.8249248245907","35.5514128728414","36.2509960159363","34.3165038900844","32.0365703749232","30.6930023923445","38.8766619183286","45.0898729358016","41.6684400847916","41.1056578923299","38.7304315510754","38.236177229329","37.409503750508","35.4161371214913","31.0442053965749","24.7044830392225","24.5636049520322","19.6774990004018","24.4361618112287","33.1364774585664","30.7270794866209","25.9047502519486","30.3860914191001","33.1375989556724","34.0428720206732","31.8930166549423","33.7245221612834","37.4672546550019","37.6014770855381","37.4749096235202","38.078478606961","36.3283547254467","33.8681735327533","36.4378739971154","36.7621909568402","38.8843941017702","39.7530454232977","46.0822047525729","55.0626487074114","59.9728695126476","61.6610777506763","69.604220303206","54.8154802712987","61.0288478840573","67.9584696186479","73.2226987532103","68.4783193737127","69.1564734325983","56.0360269975293","45.693828517621","37.3066736381786","39.164259899445","37.7950847092949","33.3106582313801","42.0883188229594","50.6681027406739","42.8103007367224","34.5527356572257",
"Brazil","BRA","Merchandise trade (% of GDP)","TG.VAL.TOTL.GD.ZS","16.0300961455554","16.5721803012011","13.9820884755705","12.4228601371505","12.8459941305471","11.9828058927816","11.4449066543422","10.6831320265987","11.8271320356923","12.3104600690964","13.2017677498537","13.51549591664","15.0150102935363","15.7885401058234","20.1458142490988","17.2301760263869","15.5736525733911","14.3906145985333","13.8372215592569","15.8345912682831","18.9950449021975","18.36016042318","15.2015681849873","20.4053110281442","22.4142539069235","18.9543956030737","14.7792709025977","15.1224045565288","16.0935069748763","13.1402436408229","13.8040600386944","15.9268913409415","17.9497748313152","17.9635510119731","15.1773079088072","13.0818458035814","12.314763033653","13.2739066419836","12.9432181657806","16.6399264093094","17.3563680604738","20.8343562762641","21.6090666851297","22.2279655686635","24.3707757843958","21.999726136726","21.1831294456227","20.6086939975977","22.3890552133935","17.226792944302","17.8201380394551","18.8204329496852","19.2824738063194","19.6062036492346","18.7979549218633","20.377291911871","18.0862737611989","18.4560353297222","22.1567390749775","22.1156044810984","25.439614179573","30.8565996770083","32.0904427572502","27.036528845682","28.1358728557362",
"Barbados","BRB","Merchandise trade (% of GDP)","TG.VAL.TOTL.GD.ZS","91.2250876311625","84.3449264139362","91.2341101634014","99.1052882039144","99.7453657468075","99.9790549957801","103.361343797295","93.9834587554714","98.6211581029309","94.7712159900938","95.0603495743279","88.3172340770914","86.55974380865","85.1332014478461","93.0069576316303","80.5612222918341","74.0976485983063","74.7327293113062","80.4870887532992","86.0728398724319","74.0901277013752","68.7485854529228","69.4203502776591","75.808049074819","77.7346290143964","68.0365679012346","55.6935624799229","39.2520332555426","41.6492457487658","42.818009913259","45.722658759575","44.8385285433071","36.5355135411344","37.0273060240964","37.0465934827825","45.5575913882036","47.130588977703","51.1930885572139","44.7981044828803","46.4797641906687","46.674293185161","44.0661319364872","41.2361178174795","45.0225891883471","49.0927565684424","51.3941615394685","52.3317704305058","48.5481748511493","50.2670919385112","40.9240635642943","35.220081439828","40.2606346347407","40.7015595032501","39.1022021456804","39.3730206739494","36.8716162263191","37.6942868219786","36.687400473329","33.7556960654454","32.8635069013365","34.0666352262324","34.0308194130356","38.475504364624","35.7872148963417","34.8757343575996",
"Brunei Darussalam","BRN","Merchandise trade (% of GDP)","TG.VAL.TOTL.GD.ZS","","","","","","88.5658034947007","94.1566190944882","90.6282236842105","100.113024578509","99.8695886524823","99.9559248449471","258.700424614364","104.127133577789","110.599156649136","50.2246915993284","52.9558272893721","52.1480274971821","52.1291380623377","51.8483007913154","50.6587320346152","47.7331510202628","49.4383676303414","50.8161586388902","51.6298094701224","50.1782567822527","51.4809648095238","58.5402407102806","51.7079054051928","54.0668037135104","55.0202145201272","53.2129681673226","61.8983479204195","61.362525224828","64.3040693640562","62.8345184592123","58.3495576141954","64.9191577200879","59.9253098928626","65.0351313527681","62.1486172340604","76.2441134633409","78.721741752038","83.0243359088726","80.1928058059326","75.1695743904162","73.3843871069205","73.6439895973054","72.7291435098835","80.9407917439443","80.9962003138294","83.4967457273139","86.8781728526102","87.0044848469347","83.2258027175127","82.5135523685886","74.1050271021937","66.2616115308554","71.3710427477108","79.1484669200874","90.1461714138483","99.5435568178474","140.170668913353","140.358773586077","124.047002229659","120.841087927316",
"Bhutan","BTN","Merchandise trade (% of GDP)","TG.VAL.TOTL.GD.ZS","","","","","","","","","","","","","","","","","","","","","52.0715132469856","63.2301201326105","60.0964438763888","56.1567268187185","56.7248585398557","64.915652529822","66.4163014448533","58.4981386416727","74.1834132554974","60.4232742107774","52.4733710727993","60.758831356616","79.5059703270237","68.5920551432226","61.0145307612587","74.0126241358139","75.1462520037262","72.396067463694","66.5825890157029","74.6285103867238","60.338579512173","59.8657283418759","55.4219406355179","58.5947598853082","80.7780267086587","74.8496904121605","88.4524125482874","95.6386875939845","80.7579200871853","76.9898805788935","87.4841627956319","86.8673259325878","77.3289691133502","74.754451755634","72.5199758464594","73.5893761038415","64.7718734400751","61.8208674490663","64.0257472540091","60.4967627787733","63.0695502369351","72.3778480762282","77.1160929231774","64.8545282723368","65.5888799955417",
"Botswana","BWA","Merchandise trade (% of GDP)","TG.VAL.TOTL.GD.ZS","55.900064997626","51.6676291605891","56.1089194196104","60.3803814053864","60.0725467927651","80.8059695121951","79.6647777777778","75.0310943055209","64.907187368421","82.7284392439244","86.2398288614938","98.0787444933921","102.151930763179","102.816532310416","99.6588050012022","100.797206929374","101.874848531685","104.511537146614","102.302245219348","120.62884211314","112.547043842096","111.192562270451","112.616862638151","116.871222926469","109.36297203687","117.332216035267","113.097626963201","128.433007546598","100.621875759957","108.85841913238","98.4003655519082","96.274884697174","86.8933021067914","85.3579264218692","82.5965150508107","85.6762514754998","86.0191592253132","101.588250090027","89.9492043074491","88.288976909792","82.165327843039","78.6759230210286","78.5090418410042","69.9985685923207","75.2891355118093","76.4802000596153","76.7706253862492","87.4492600905223","94.6991130858602","80.8818793850762","81.9005781432183","87.0512225528457","100.636604176485","113.952476822309","107.226277336455","100.171839384222","89.5665647535844","69.536737797491","75.6284814905072","70.5552122802035","72.0442428546513","84.3725132945075","81.0584022771187","63.2055600533022","60.957433688084",
"Central African Republic","CAF","Merchandise trade (% of GDP)","TG.VAL.TOTL.GD.ZS","30.3150270312877","29.2363030656241","31.3296360605699","37.1002667230217","41.5419590154026","35.1984539349594","41.7906619639175","44.560963955335","39.6313364584127","39.3534943848633","33.8433581687391","32.2659428783751","31.695324276879","32.8191564641438","33.404560198454","30.6343408379648","25.711928881528","28.5827970606603","21.1274999223167","21.4051863311095","24.7161966317875","25.0430473108374","30.7358267537774","23.8355740358346","27.1236113935813","23.7035368914798","20.7615845824103","27.810343963296","26.1680912676378","23.0158870717469","19.0183813876178","15.8272077047202","17.8480676468936","18.376872344333","34.070575281013","31.0205489759226","28.5773502321846","32.4183152585912","30.7028029878234","27.7144805198972","30.3236135153559","26.6981582057075","26.8053949291648","21.5352059169519","22.3993118396557","22.6475276984078","24.6945712099964","25.1204355017964","22.5744065023733","18.8644412666774","20.5358787105878","20.5087591043924","20.9551190921072","19.4496849369145","26.6517010500461","25.4743159267179","28.1641035463183","30.3037618297316","34.6693935126678","34.2591967319944","27.5065221572276","24.1605556748483","24.6367587452021","23.7136324284633","23.7689027558488",
"Canada","CAN","Merchandise trade (% of GDP)","TG.VAL.TOTL.GD.ZS","29.3143371750075","29.5992565948977","29.367294670675","29.2908751606536","31.1875905812413","31.2812157538614","32.7611570375146","33.1309124907416","35.324652653047","35.726964328996","35.2332515735671","34.9836765998031","36.3313957786804","38.8193031709809","42.7190722705573","40.2368407891754","39.0024465942401","40.3287078293234","43.1737236490377","47.1259461909084","47.4123400998829","46.4564880903903","41.1132691708249","41.4015682290727","47.1130729286169","46.858698630274","46.3904560127604","44.042004331959","45.1168062224236","42.5985350941587","42.0874472358774","41.132016549511","44.3645034352399","49.0823334453314","55.2549570944427","59.5125670467677","59.7504318856896","63.4050752292162","66.3080441640379","67.6032952415725","70.0106890023444","65.9216512557501","63.0899125901514","57.8153545509754","58.118113697141","58.2116609417877","56.6359380291252","55.2062727140195","56.3739737121614","46.9947027875678","48.8561066181089","51.0211014884086","50.9683375525714","50.5846585159737","52.6993805378041","53.9788783234743","52.5480211402878","52.4061119575519","53.4054025083593","52.2909233942246","49.0283557788146","50.233765598658","54.2542909309574","52.498650612043","50.9421126642333",
"Central Europe and the Baltics","CEB","Merchandise trade (% of GDP)","TG.VAL.TOTL.GD.ZS","","","","","","","","","73.5332858829923","73.8883724592644","83.4294943073866","87.2596434996174","87.3522962330833","91.395630960551","106.885368771261","116.169387199427","79.0518786564294","83.5651540623936","83.2892525739871","83.2275732056508","88.1362714160678","90.3940356039037","93.6213586217176","108.527746926771","108.992118289594","112.747444619276","106.834811938856","75.2136623991061","78.023021804245","73.3632328868188","","45.5779957139276","49.669640213867","53.3897274593117","53.725140820451","54.9163245624508","57.9548530387152","63.4530924010132","63.5447698882739","64.5910881583587","73.6380160511602","73.5882764453692","73.9567993688194","79.3756955999035","86.9505286894551","86.457302048876","94.0751112696998","95.5313104703118","94.6986420352221","82.7737907659063","94.8801356395792","104.170113506506","106.595936225179","108.021451485937","109.561320401447","109.584208805508","110.218638547355","113.244496043365","113.137633163942","109.857383815418","107.352747791566","116.889333100798","128.400704434162","110.8141666734","102.868057479551",
"Switzerland","CHE","Merchandise trade (% of GDP)","TG.VAL.TOTL.GD.ZS","39.0406183587042","39.9544149687824","39.7316334271292","39.114043328246","39.0004913463485","39.2366581456304","39.6017573284178","38.8461237836099","40.5994508800724","43.5566400109944","45.7515379236369","43.0390348874137","41.5532176359885","42.6922246257489","46.1954620819098","40.1062646035496","43.241096352309","48.6136940004253","46.3079599235956","48.6161208092187","53.8300919044337","51.4304423560502","47.5438107676568","47.7902094104358","50.5895957934476","52.3777576441914","49.3469350386909","48.2677936673277","49.6736983348196","52.7226897351814","50.2194480573509","47.6017827039284","46.9421015597848","45.553234829264","45.90857724014","45.855039962398","46.4478567701603","51.5997589422505","52.3793963880555","53.7667576806269","58.3852573723549","58.0097877474275","57.8361388041343","56.6349377908953","59.0827887145305","71.0078284500162","74.8371948144796","78.5879361023789","82.1948692835352","74.3398408873253","62.1005862975672","61.8866249469946","88.4752489694381","96.1947595695267","80.7865734259133","78.1923036523294","83.3016108651197","81.9097119708355","81.3537003166116","82.0334541027373","82.3853759251344","86.3798528035579","91.4664857966046","87.8325356126605","87.1346568340343",
"Channel Islands","CHI","Merchandise trade (% of GDP)","TG.VAL.TOTL.GD.ZS","","","","","","","","","","","","","","","","","","","","","","","","","","","","","","","","","","","","","","","","","","","","","","","","","","","","","","","","","","","","","","","","","",
"Chile","CHL","Merchandise trade (% of GDP)","TG.VAL.TOTL.GD.ZS","26.4301258158894","24.5929903001082","20.9851899997832","20.7802860779831","21.6792475851402","21.911423390219","23.5500588227951","23.3167827685924","23.4670250748292","24.868388387265","24.9648889672449","19.1457894799402","16.0978622169051","14.6252296452851","27.9119219276287","39.3873050953702","37.5066075267629","33.1331577812496","35.9492235275496","39.1108600753641","35.4957069037122","31.3186443655256","39.0406421646899","33.5245163173023","36.1709460933496","38.3415284655789","39.7284731335594","42.5560361178289","47.1597580797264","50.8641220160891","48.7995594824713","44.760545824583","43.3830663630391","40.7169782277437","40.781170003078","43.2427742004772","45.5893755395218","45.1263836400593","44.157818359947","43.8602493247908","48.1454174320141","49.8793292420683","50.197792524617","53.5816679091205","57.8485286343046","60.5114822964338","63.1069811418201","66.7489603794906","70.7619928054058","57.2070095414428","60.0392877133367","62.1097149183926","59.1196062514428","56.2818325475018","56.9873796176495","51.3189595344577","48.16381541128","48.5427963375166","50.5145105937982","49.8226533030541","52.444051161518","59.3018871077669","67.4469042565795","53.1184530380403","55.538374619944",
"China","CHN","Merchandise trade (% of GDP)","TG.VAL.TOTL.GD.ZS","8.72068225819589","7.35412859421815","6.94556913711685","6.85071318970341","6.61965345284172","6.81489723750864","6.71792804809725","6.24149527817959","6.21017172484835","5.44285593630768","4.94431815450644","4.91401406371912","5.7468069250929","7.98764288343114","10.3165500999223","9.53951192228098","8.82184267938268","8.37087539595749","14.0771710811984","16.3713722243864","19.8655264703962","22.4347119137663","20.2481090719964","18.8707434728554","20.5607481761834","22.4475784069593","24.5083019085732","30.2254310804274","32.85","32.0568971528181","31.9271840758133","35.2918884141562","38.6287258752326","43.8248358836059","41.7372854149629","38.0476109141046","33.3762821964504","33.5996693718168","31.2350145421067","32.6704009076494","38.7575152720302","37.6116042671141","41.6671342268021","50.5366308757308","58.1875318371715","61.3538091344576","63.064301025086","60.392294324868","54.9190004844014","42.5378592434424","48.0253507277558","47.4710669450398","44.5846032544886","42.6864616980176","40.2970877714012","35.0420964662159","32.1713447236719","32.7586731962493","32.6726005659031","31.4408685570406","31.0468619247254","32.9388706646147","34.1268831728628","32.4897051121724","32.8725442955454",
"Cote d'Ivoire","CIV","Merchandise trade (% of GDP)","TG.VAL.TOTL.GD.ZS","52.7275948816047","58.552779022893","54.0846733814383","52.5591580963175","57.6507591465983","55.7747387532789","55.1702383619564","54.3898457823646","57.1303127032211","57.6629128813574","58.8808059225741","54.0991463052081","54.4500800963966","62.4695668617778","71.0713925640727","59.273120620092","62.8049376950462","62.4574207609478","58.8315236794846","54.7417275261659","59.9570486468184","58.2857702506099","59.8643272239783","57.4567685826326","61.4180293400329","70.8834570881911","59.0611659365147","54.3139142910709","47.2737174693908","50.4027162440634","47.8795066712514","45.641566011273","46.8664347070827","41.9527481959187","56.0409908070426","61.2446401781827","40.6614899938949","40.0719032729606","38.7213745328573","40.0561868582046","38.4254982770429","38.6305326419024","43.6126776532318","42.6647130150118","49.4841136927989","56.4215412444223","56.5514271336804","53.3795252070793","53.623660854391","53.9649446083282","55.12603109347","52.7474588349968","60.3074688512148","57.9276510507419","49.278294194992","48.3160482427488","40.1939680399576","40.8799119714655","39.0995064894614","38.4231331013285","36.4616577863551","40.2502180749312","48.38780757823","46.0409211318117","42.5687598158387",
"Cameroon","CMR","Merchandise trade (% of GDP)","TG.VAL.TOTL.GD.ZS","29.4689371016538","29.7191566510891","29.5283587488455","36.6131655254647","31.0307017453559","34.1488410064975","30.7832383337784","31.8316465647851","36.0354774142523","38.9804570193482","40.6526313365841","37.0268148660256","34.9740923816159","36.1313978518596","42.4118574375592","36.6113516958421","38.784164718145","42.3900565653349","39.8468526910146","40.6656324903875","44.7369707184891","38.3001589761785","34.411010743563","32.0223573815839","27.3251768928448","21.9197371368368","20.9664182935527","19.3798152875673","17.9878202168855","26.7240164361452","27.6260083578943","25.3965469878136","24.8762084834577","18.4466331683351","28.8572368450957","26.2315663547696","26.9976969608656","29.834676319448","28.0222992596326","25.2381445360655","31.4387457592569","32.875380622949","29.5395486204425","27.8391502625902","25.9372381766096","28.6829440871474","32.1656384425525","37.1401997186125","39.4261013962104","28.6185103454534","32.7583364662764","36.9463389009189","35.7784039117152","33.0994852719119","34.8975152836593","31.3658084795087","25.1697970267184","22.2418924302504","23.6738062211437","26.8908571213348","21.2222520216774","25.1000082776787","30.3468948595835","26.719518967794","26.45567455889",
"Congo, Dem. Rep.","COD","Merchandise trade (% of GDP)","TG.VAL.TOTL.GD.ZS","21.2835364535062","16.1982832781697","11.2967701970869","9.49593371975308","14.0549587692816","9.96562276037634","11.6487885440422","15.4843435963139","17.213242362333","16.1353302095494","19.6814681078824","15.9077127897401","15.3230321598032","16.0605024313567","18.0265414007872","11.379905706378","12.1054042107923","9.65618101150803","7.33122187090579","11.3681444090797","26.314825144839","24.7172135457431","21.2281761722424","26.3384726399845","39.5025066871077","43.0852208311221","38.6270311774933","46.8177413897195","45.9300555300307","48.1275331735783","43.4770305181416","30.6791269748334","26.5091629155508","16.4202999963299","33.0390671603674","43.1297270651278","45.6730427314267","36.431764355397","40.5930978347441","29.2278534276582","7.80593244656727","22.4517013143046","25.3550668185716","32.1452133533907","38.5336864801528","40.3894498638415","36.1468864772445","35.3745197253862","38.2863745347991","39.7694244428487","40.5601574097202","45.846566941816","41.2929076748154","35.8256634434883","39.1156040123686","41.6953146281903","32.8625034132415","48.2157565155276","59.8671827765435","47.4043616070329","45.3353993133057","48.4633715321819","38.452283235949","76.250304592039","79.6198698932935",
"Congo, Rep.","COG","Merchandise trade (% of GDP)","TG.VAL.TOTL.GD.ZS","66.8023651536377","65.2708209637121","66.6581633869297","61.5443817121479","61.3914121536302","57.4834171350994","52.1273436439114","55.602961260781","53.7318869614148","46.7853844559561","32.7319504342105","37.8731413664685","39.9348123942029","40.038868138245","60.8167933342796","45.365504379562","52.0840511048253","62.0733251728723","64.5218722239032","65.6517387560784","87.4078292189234","63.0545387522614","81.4573246873239","61.4130448408408","82.1031774090767","77.9777598532138","74.2996603120645","65.3681911663728","67.8406944945372","73.8619497583412","57.2399199968504","59.5628350861194","55.7066464237506","61.4307450034206","89.8627251353882","87.0508805805719","113.984445432023","111.6794534903","104.899693928789","101.113782099565","91.5138217691603","97.8651801855685","97.3881222758801","100.122067644847","94.5248805629123","90.9623830284271","100.231593960678","116.387853394702","109.100045307618","130.089579774838","85.8431691467134","133.097984459968","83.5758443161846","104.823725004851","104.758433192076","154.188321933764","175.376676424384","108.259995670141","99.1004387066506","55.9361995572389","59.3005958296926","66.5331587242893","79.041386895818","79.7986779868785","83.1870965803665",
"Colombia","COL","Merchandise trade (% of GDP)","TG.VAL.TOTL.GD.ZS","24.3602762209917","21.8040169619671","20.2601370792299","19.7263673019265","18.9842690609985","17.2199444517921","21.7738964317391","17.2870478320553","20.1670649420197","20.0304636259487","21.8105221137623","20.6511678406015","19.2242075479659","21.6271026073367","25.109074954092","22.5977763954304","23.0487384222293","21.9968602668328","25.70978969463","24.2480324978529","25.9365544888641","22.3065795428927","21.8230120394122","20.5629652500854","20.8087597728975","22.046510320521","25.6535813019413","24.6444459367699","25.6014974468407","27.1142596212873","25.7294052772737","24.5508105017727","23.0729785834409","25.5061173375537","24.9218207165572","25.9212033473731","24.9804165314411","25.2204425428142","25.9285151247349","25.7976458625129","24.6127474868514","25.5843543301965","25.138389580319","28.4949112881371","28.1572461639221","29.1166523327745","31.2454882722836","30.4941764004947","31.8736812748398","28.2838121579434","27.9928133850127","33.1818618215666","32.1488663121904","30.940316708748","31.1839603501363","30.5796705859612","27.1102054372515","26.6052622479582","27.829891053653","28.5396138086659","27.5559299900549","31.8305052181806","38.8887048469052","30.670080224693","27.1404185028145",
"Comoros","COM","Merchandise trade (% of GDP)","TG.VAL.TOTL.GD.ZS","","","","","","","","","","","","","","","","","","","","","15.6127706862688","22.5396153247965","26.2178355572951","27.0141633062251","26.4406541892072","27.0911091020839","22.0807074511164","20.4282056438851","21.9961492085986","18.5599272800107","17.4319707948413","20.4696709784176","20.8451244714455","18.9362581364244","20.3310430003509","18.8403167086059","16.0514400765032","16.8128926137437","16.4865891383326","17.2079224892864","16.7891832132449","18.2429620462127","16.8476198408808","17.7386011756346","16.8626031461149","16.9368657267213","18.155446134998","19.1033214394998","20.4224474341143","24.8525093946113","27.9742235538527","29.6162706741778","28.8430257856364","27.3242620484332","26.4442643489863","23.9123107401493","24.6831792211196","27.1012832237536","24.097803823545","25.5910477908993","24.6971588583228","28.3751852320978","32.8838247465533","29.3178539624879","26.9259056694633",
"Cabo Verde","CPV","Merchandise trade (% of GDP)","TG.VAL.TOTL.GD.ZS","","","","","","","","","","","","","","","","","","","","","51.3192508548925","53.0586866131928","54.0422620080848","64.9931293934186","65.1421195892981","65.3460924156505","58.2215159870055","45.9080097992415","41.239743839295","44.4945356673903","46.2705055808903","47.8383538507172","51.7973708215662","32.2174546262049","52.6340834895471","53.3717617097631","49.2052191869973","50.7532828819497","45.6016831237619","43.3816262561486","44.693584690456","43.3322892447496","46.252471090144","44.7581081254387","48.21934334036","46.9019186104391","50.8319346784495","46.6167474632964","43.7329541682754","40.1655300274049","43.074359101178","49.6380238180985","42.9673343465679","39.1342958463821","41.529334889533","38.3459769638017","58.2228257344718","65.9574598739705","78.3184611178659","67.7122586642788","65.7127029082276","68.669984098927","85.5806469911045","75.3835392484303","68.8702669096758",
"Costa Rica","CRI","Merchandise trade (% of GDP)","TG.VAL.TOTL.GD.ZS","38.2255592920427","38.953740734094","42.9900341442247","42.7816147368997","46.6292088432782","48.9054321544899","48.6632566301304","47.8943212435676","49.7517906207071","50.9588341739813","55.644112365518","53.38173091138","52.8164025414445","52.3243165755696","69.6050914412789","60.5345563746507","56.4961113583161","60.1804369078763","57.6463136204053","57.7620824806199","52.6136372682153","84.4956697993644","67.4819345094498","59.1399576124782","57.369558906797","52.9189095785263","51.3466458863335","56.0561853195442","57.556078352435","59.6454890661352","60.192365695645","48.1587056785006","49.9081864320317","64.2040580389247","63.5563507042385","65.3447200082351","69.2302287434731","73.7637201560079","85.9747146350575","91.316184522988","81.5192613353277","72.5455278312683","75.1078754929031","79.6965659317848","78.2833655796245","84.0791407728251","86.936078640717","82.9058885237196","80.7616563097444","65.6319114749044","61.1227970200257","62.2693462739519","61.4503127927599","58.1102893759845","55.2883227301869","45.5246731976184","43.8713806939583","45.5499035940874","47.715349685535","45.6970886431567","43.6905732116893","55.7598450303828","56.7301313535759","49.7861559287638","50.5210133265815",
"Caribbean small states","CSS","Merchandise trade (% of GDP)","TG.VAL.TOTL.GD.ZS","92.8027695433693","96.8316379768931","91.2191577749014","92.3948287417081","96.9240992216404","96.4472455879293","97.5676658170856","92.1357311561082","93.1820296353326","97.991202457444","103.180665814912","119.719868831934","117.415251012759","125.417004730989","218.105358556524","223.499724659896","256.770507784488","219.487707784564","186.124438469895","176.248463282094","212.957650527405","199.190759276382","156.393959667711","125.573849907337","107.063515595132","90.3757668213402","100.580131683122","93.404911368034","81.8862639969483","97.5070146544616","62.8215529535491","65.0682382449556","57.9302644653314","62.0954218825489","57.4699454396503","66.8056532523552","67.3828624436932","65.4448060592857","58.598754684165","56.5446248555879","62.6913546616837","59.6687500538959","55.8105897578878","58.5660594995285","62.7391950556207","70.9522588678377","75.8834342662381","70.6786272171287","76.9962253215123","61.6005729624778","61.337334497263","73.8014513562183","68.06210551111","80.3625882223486","68.46971500857","57.8542027248751","53.1588010046298","53.7677089312692","59.1310520045681","53.6041718005025","50.348016239473","59.0934512640512","65.5627819708845","67.779243516847","65.6895977522543",
"Cuba","CUB","Merchandise trade (% of GDP)","TG.VAL.TOTL.GD.ZS","","","","","","","","","","","41.4016835958625","32.4961823132145","26.1457965347946","32.0694144321864","46.5370845466399","58.0314656319756","55.3969015298503","61.2410448117458","51.9313702938303","50.6115994945835","60.6742671921043","59.3094257910312","59.9279063936933","61.4412814683728","59.8185054751621","60.9323776599945","63.8596261902788","51.6103495696506","47.6965667056226","47.6585746975282","33.86228719742","22.2070921322164","14.0361310203935","11.1770533089739","12.0920995790481","14.5416646479831","20.8655037330125","22.8613932414271","22.1826489394883","20.6630689634739","21.3280375849817","20.516122515971","16.6624492043881","17.7180707051575","20.80203125409","24.3950848502581","27.47362673199","27.3981083170233","34.3326267179552","22.1132087628866","27.550677776396","29.9797072039426","27.0286159609521","25.9112355472598","22.185550751896","17.274780564839","13.7757949091962","12.9828762521972","13.8500699651422","11.5665451001473","8.32122363812505","","","","",
"Curacao","CUW","Merchandise trade (% of GDP)","TG.VAL.TOTL.GD.ZS","","","","","","","","","","","","","","","","","","","","","","","","","","","","","","","","","","","","","","","","","","","","","","","","","","","","104.365315231424","106.278593568874","86.0702472557394","82.4015897130791","65.320177155252","61.1963502025187","62.4375038135065","76.9113398690038","61.4317169059624","58.3981330740494","66.6887049757575","84.0926156536728","70.792536828963","71.5493541635679",
"Cayman Islands","CYM","Merchandise trade (% of GDP)","TG.VAL.TOTL.GD.ZS","","","","","","","","","","","","","","","","","","","","","","","","","","","","","","","","","","","","","","","","","","","","","","","25.3554024979242","24.0916484067933","25.3600728611977","22.5143449761955","21.5548288880429","23.8648480753365","23.2812620765125","23.4009922612802","23.4721535696169","22.3229112946174","22.0193329335673","22.0080931616979","23.3627178626361","24.8742127236972","24.0303090235252","25.6236216646598","27.5368709797906","26.0590573909861","",
"Cyprus","CYP","Merchandise trade (% of GDP)","TG.VAL.TOTL.GD.ZS","","","","","","","","","","","","","","","","93.8943036219121","119.772936817049","128.048809995943","114.312463528704","113.758070517617","80.4897610922815","82.7785869094119","81.8342575283289","79.7087871884158","85.0214370703358","70.8933329310941","55.747267210178","55.3873976781435","59.9234466670364","67.4704007330849","62.938974107219","61.9042951960377","62.2092940130708","51.5910446911312","53.6649459543783","49.5211123794739","53.6360943097158","51.3730028357538","46.3086792735231","43.9611429205595","48.037986654817","47.1152878458264","43.1602559493369","37.0445996867958","37.2389995381931","42.2113919243475","41.1552873804382","41.7585797078409","44.0910611198377","34.9045500213087","38.6473765830725","37.9718223658727","36.075547406841","34.7792147944391","48.0454631549559","51.825082677349","51.2912804825712","54.5571719737095","61.6098437425557","48.0213759720051","46.2686620030234","47.279389663981","53.5747938491231","54.6108867509033","47.1455294623388",
"Czechia","CZE","Merchandise trade (% of GDP)","TG.VAL.TOTL.GD.ZS","","","","","","","","","","","","","","","","","","","","","","","","","","","","","","","","","","70.6585782290461","68.9998961282933","76.6355870367525","73.6902282788462","79.0936772323566","80.6626649465808","83.8876102281373","98.2185270658832","102.180507664454","95.8116949076084","99.9941010102721","115.651626053306","112.645552318342","120.4073893875","126.639713021398","122.126574659869","105.329766126263","122.951005628135","136.138290542985","141.875084256308","143.895749397559","156.112082802363","158.238930659938","154.284912592599","155.93447565303","153.535209888784","147.264613727186","144.562737701512","150.713787985319","158.591277203331","141.267604186046","142.951385179224",
"Germany","DEU","Merchandise trade (% of GDP)","TG.VAL.TOTL.GD.ZS","25.5117458264961","24.5054267884244","24.1927330893027","24.6345747244844","25.087082203306","26.3588070406902","26.74309598725","27.0894687139394","28.8658924805652","30.2295313677883","29.6243494082828","29.1501495775021","28.9514842082222","30.6262427245731","35.5821338863317","33.5287506903412","36.5340395103795","36.4245247731803","35.5507376277275","37.4700045661026","39.932164139229","42.3183930747236","42.5632270946461","41.6665411403245","44.6237134169423","46.5740315425233","41.3485429630715","40.1256452423832","40.7994494552634","43.5108666266235","43.6847663170728","42.2621888213821","39.1645549421308","34.7630069935243","36.4884817956279","38.0760811766749","39.2466369622931","43.2047024268242","45.1661136126509","45.9640541538956","53.3308231946204","53.7924101608204","52.6131985628339","53.5039135627868","56.9932641517937","60.4130474777877","66.1387654016462","68.2020190158597","69.09404903256","58.8288406802566","66.734220465645","71.3691617488637","71.0684531004814","68.9856470567479","68.1335453293576","69.4093104548607","67.5664210244945","69.3453961084741","70.1501380731818","68.7743018854817","64.8073191224544","69.7735523112544","77.6023364738259","69.4811881622081","66.2339063515856",
"Djibouti","DJI","Merchandise trade (% of GDP)","TG.VAL.TOTL.GD.ZS","","","","","","","","","","","","","","","","","","","","","","","","","","63.0517896784736","","62.4042947303271","56.595020430275","54.2495363733749","53.0588320176344","49.9543708423124","49.1571838843705","47.8491004097717","42.3031441862594","38.3746845889482","40.6878763027507","41.1796442643503","43.5570669240078","41.4117181522094","43.3575143443648","39.8310714770187","39.4165644977669","44.2090440197412","44.8900350580781","44.7340037637269","50.8536067913206","62.6239115287372","64.3575781980379","50.3283407258821","40.6694348333317","48.7433063000064","50.3829346258246","41.0381237958937","41.969920994086","41.4536959758766","155.818416964649","243.9023212284","244.55419358602","263.334126967864","181.162635579153","229.928289486838","272.228567814419","258.56449968147","258.059330160244",
"Dominica","DMA","Merchandise trade (% of GDP)","TG.VAL.TOTL.GD.ZS","","","","","","","","","","","","","","","","","","74.1177576797906","77.017038308236","56.3454430461372","79.665237515038","84.0362835382583","79.3051734934707","72.9740640228867","76.9533292071465","69.4607560041113","73.2454612859402","75.0648152854264","82.9894026147684","82.1012550297121","85.886073621888","74.625859511932","67.5042724223052","57.4277439208351","54.0900239559547","57.5545391994172","62.9522156189414","61.7184348527632","60.1716235310335","58.4761373150991","60.5750969046059","46.3621645488888","42.3773987206823","45.0017857851502","46.8855030248712","52.8795662910505","49.9191125491102","52.3966184983134","59.7912053147738","50.0369926086613","50.2058961827275","47.924990602943","46.5066621113768","43.6436246077779","46.4827291614081","41.8397286895553","37.8645002176121","37.2766360301369","49.6621980120972","52.4633515377982","43.2937716626405","44.4119853144369","46.2232578599155","49.1422022986956","42.2423897031151",
"Denmark","DNK","Merchandise trade (% of GDP)","TG.VAL.TOTL.GD.ZS","51.8929975642959","48.3114973744694","47.7664876868363","47.684603726937","48.8147575512245","47.3107875651618","45.7267746867034","43.5789245600396","43.5079615423186","44.3207469274106","45.4629101089671","43.4240611597337","40.9760071673338","45.7383848533354","51.7088105042864","47.2055599189499","48.405064751268","46.9305927984593","44.2489398576058","47.0174386820653","50.9650383622087","54.7917866495556","53.4067060180873","53.5693343734875","55.3654048188697","56.5774703815369","50.3300931037552","46.8697423605853","48.2446845052488","51.2722568073931","50.791598569286","51.7414407734637","50.528058692945","48.2582417338992","50.6570017049237","52.3915584655173","51.5817168568898","54.360573527106","54.2105293394395","53.994170992153","59.0384944944288","58.846471217149","60.3031935195013","56.744035709233","57.6364997657902","60.6079377105695","62.8347571079348","62.832521159065","63.7459396596905","54.8997165218413","55.6830939522554","60.2723207589185","60.4034533085914","60.4405842034472","59.8201523229548","60.008167644962","57.9274548996521","58.9435330351375","59.7956548028472","60.584570811126","58.1366605413161","60.6367490864725","65.2071160335372","61.9982558351346","60.322282003085",
"Dominican Republic","DOM","Merchandise trade (% of GDP)","TG.VAL.TOTL.GD.ZS","41.6418984125067","34.0926359600563","38.8302390486591","38.0527251331553","39.0015638652071","25.109784934129","32.320357759935","34.1128720525705","37.5312760633862","34.9451442503048","37.22652305621","36.0636063606361","37.033309852068","39.704878880928","49.3898895990703","49.5387863969771","40.3391117297229","38.2594667654945","35.1258871240284","37.8628064304939","47.0471654859273","45.0716146694351","32.3801920797349","30.171572348871","25.0043125754701","59.7671166363092","54.2458389883413","67.2209693352854","85.4622930579443","81.6110678649777","73.1727086890795","56.0131236380183","57.6456656874013","60.1251777916414","57.0580500673459","53.794557364398","53.61365182557","56.066082227459","58.0743578008533","59.5304259240363","62.6023917209774","54.8984329066433","51.6002968382038","61.1965485339853","61.9288598621904","44.7598989251103","49.5883956137488","47.2120630698855","47.2870079332883","36.8677019003991","41.3430567135285","44.6967679059206","44.2656473096262","42.4008041129578","40.5465523047077","37.1286382796128","36.0528835421955","35.2458621024442","36.2787189941347","35.2914924486079","34.8926302797993","38.7640707285531","39.358259491055","34.6706823103598","35.1458084584568",
"Algeria","DZA","Merchandise trade (% of GDP)","TG.VAL.TOTL.GD.ZS","60.8749667361459","57.1311913739174","29.2288887932195","53.3484866192368","49.152439475314","41.7054027002981","41.5808733910346","40.4049947923618","42.7034583199186","45.6397559522707","46.5917028565463","41.0463826389887","41.3492813948058","47.3480340185478","66.0263797181513","65.5486807009153","58.3250196084135","62.3160840930161","56.4167911421585","54.0072142850794","57.689270776365","57.9477267099185","52.9208117621861","47.0929404113303","42.9862644964222","39.1488339502361","26.7851502302864","22.8733430371806","26.2314405351101","34.2232322940773","36.5036983179028","44.2080301091191","41.2889714026146","38.4318257767055","42.4180828633632","48.7449904813307","47.591095711807","46.8723937173204","40.692887683256","44.5861441185808","56.9479339704922","48.9334048346556","50.0161718580417","48.3694948588557","53.8255017857264","61.990748353062","61.8023789619819","61.6172879024966","65.8468045220759","56.1931357540725","54.8561298258352","55.2992824459659","53.8179025889332","52.2426002517136","49.6524973473863","46.0655095705949","42.6606340094642","42.7899811540678","45.2968229485962","41.3233431383382","34.8625033857803","40.8647948623329","46.3628147307366","39.7367922497532","35.1920381091874",
"East Asia & Pacific (excluding high income)","EAP","Merchandise trade (% of GDP)","TG.VAL.TOTL.GD.ZS","13.9687570816844","13.9016911084028","14.004762642687","13.8436126833176","13.2766931298892","12.7639716542858","12.3847113364928","13.0513423690073","13.3314708959973","12.4996795522474","12.2732565917374","12.162090732094","13.0275574096267","16.7216102104524","22.7914712255366","20.2795956437377","21.3796672082373","21.5383134579988","27.0485387706708","31.2547292630013","35.5094484179078","35.7694889193147","33.9961288025082","33.39917428644","33.2187937686897","30.5935275808653","30.9536658513621","36.7573852743445","40.9881472895546","44.0914423509753","46.663155590971","49.9092193803306","51.6470791975046","54.1415045021762","54.377866215828","54.2159527947508","49.5081293993398","51.3291208432549","50.9317286370808","51.0742415148964","58.0943840658445","54.1568715985508","56.0051618688661","61.8257472761032","68.9578558289747","71.8950995250733","71.7557909764887","68.1871963717121","63.445076605889","49.2659981446547","54.0528371590949","54.0182551901849","51.1291782414189","49.0511254062728","46.7116267293534","41.2741296450662","38.4171454430098","39.7606547120878","39.8827306548388","38.1164035492756","37.331349497215","40.0726951127503","42.3562931013459","39.7933617558249","40.6899363542372",
"Early-demographic dividend","EAR","Merchandise trade (% of GDP)","TG.VAL.TOTL.GD.ZS","22.0981316058739","20.5775484650302","20.7386710602213","20.7356741600413","20.1648605030629","19.8222465811289","21.1301051753156","21.0544332800429","20.1714855917815","19.6976079281927","20.5684911009941","21.3321043585641","21.3537924954166","23.5924030960252","31.3683457505735","30.6356018217058","31.7095034055164","33.2547533339023","31.6391075935325","33.9358032518211","39.1587519073203","38.1486268102177","35.3589884868513","31.6104851327114","30.4953015713781","27.724756338643","24.7225191789792","28.0337164586532","29.6759940557779","31.8879615213787","31.5297329982058","31.4969195453945","31.89138102629","30.2560089723231","31.1885782004008","34.7768204573129","36.1195062472745","36.9837218662158","36.4401845268544","36.4879063648582","39.9474239470911","38.0332676359428","40.6757962476415","41.3867086766594","44.2836219567725","47.0528489146345","48.4089247534207","47.651919383869","51.9446122818737","41.5042410187935","43.8200695204835","47.9341281989923","47.5703910824302","47.394068902051","46.1749692575664","41.3181249644924","38.1240189705815","39.5035298582123","43.0148425397673","40.5185890768642","37.299020907982","42.9829791537177","47.0928079072641","41.7625957512545","40.5453489222867",
"East Asia & Pacific","EAS","Merchandise trade (% of GDP)","TG.VAL.TOTL.GD.ZS","19.7723205318123","19.8255265585808","19.4882019889981","19.6455178251545","19.2367218791694","19.2988347710442","19.0966255137027","19.0842122924124","19.3973416190415","19.5010840740994","19.9362458482533","20.2819738470997","19.5788746550897","22.1499121697759","28.8626838468069","25.7690433041021","27.4056974101813","26.5032021743545","25.1477712188514","29.0633892263104","34.3741592312702","34.0355421598552","33.2820474933753","31.7731184061444","33.3862521226195","31.6941140261419","26.1608321127105","26.924848091864","27.6725821593206","29.4647808458874","30.8782347121304","30.3527367902253","30.4372197642513","29.7199131701185","30.8273023427419","32.5262560318602","34.7179533968209","37.5484920748969","37.051961491956","35.8081978769005","40.0289135144644","39.4512702711506","41.6012580638109","44.8377763093025","49.8422708002985","53.629342372044","58.5541733554089","60.0809351332471","60.310046713733","47.6348486700867","53.4880158451823","55.0352390098918","53.2005970326499","53.8970384115356","52.7204688264508","47.3851264822733","43.9414393301303","46.3022349014203","46.843349980558","44.6059260990747","43.2289330646655","47.7310949297129","51.9751740873017","48.0947982457878","49.3072827051229",
"Europe & Central Asia (excluding high income)","ECA","Merchandise trade (% of GDP)","TG.VAL.TOTL.GD.ZS","10.4273127753304","10.6898470097357","11.2079701120797","10.1974248927039","8.48111332007952","8.65738161559889","8.57446808510638","7.71519886363636","7.2","6.87328767123288","8.59847328244275","11.4309278350515","11.8547215496368","13.0884615384615","14.9939491730537","13.3354017995656","13.7784256559767","12.8639591025277","10.4487009292623","8.1804470681401","15.7213321607464","19.1570180989748","22.6645222165037","24.2105811963353","29.8493755995108","28.7092191306578","24.529212420687","","","","","","26.6795604043861","27.7915538572971","37.1102260457945","35.8143273894366","40.0009130670779","40.6202202620641","37.6253391065636","37.9895454978888","44.1110452723174","51.5292065562547","50.3779888902615","51.7236097159271","54.7196857768396","52.0480682457742","55.1377105483698","56.390452988836","60.654230050745","50.2019160571471","51.6601536299494","59.0573393419361","58.1733049530247","54.4864690435953","53.6230843690997","48.6718277370042","48.002803524986","54.2822804471995","60.0611274032996","59.1406376631115","57.7126013835627","63.9453793671051","68.6182706744861","59.9215766526576","52.9514776911835",
"Europe & Central Asia","ECS","Merchandise trade (% of GDP)","TG.VAL.TOTL.GD.ZS","28.6771287488032","27.8823470278241","27.252582865986","27.4118160814054","27.7552021839592","27.8842697904084","27.956234369922","27.494800975876","29.1050924834953","30.62413991065","31.7643415731624","31.5679349419268","31.5095273348903","34.1622310525602","40.7655603837522","36.8422847292604","39.5028865681891","39.7767496011824","38.355229677882","40.095698481694","41.6888850464708","42.7589153250533","42.5246618488202","42.4470294447954","45.2370064856196","45.8483639412089","40.3258925632638","39.664398842559","39.7035685912087","41.535956991571","40.1652866199683","38.7040451504198","36.5779244732874","36.5823748676412","40.0966565250832","42.1144267386883","42.9427669440064","45.2231763520056","46.2352396035563","48.8997436447539","55.1164992146304","54.5584394138024","52.8204561066752","52.2455944300645","54.1397296136395","56.505169526391","59.8141449486228","60.1354442887049","62.222094614627","53.4438897155731","59.105326444598","63.2856033736398","63.7976339908044","62.7977295850689","61.8312168439274","61.4100676422503","61.216777352183","63.7654932646847","65.602831213206","64.5953112185882","62.1742468020731","67.1529340472398","74.8031075508531","67.4432565058047","63.192230765325",
"Ecuador","ECU","Merchandise trade (% of GDP)","TG.VAL.TOTL.GD.ZS","12.5636339773915","13.2850513510302","15.8739808424106","13.593928424411","13.1453116892805","13.7827175359947","13.5429477646516","15.8208319163508","18.6276721725354","13.9774047433435","16.2095892115428","19.5699741726906","20.2449094979997","23.870983729617","27.3061041258344","25.3631992278439","24.3732869285351","23.8066246525629","25.6909251042248","26.1302148567397","26.4742768664344","21.5352428763405","22.5591302139024","22.3582867468012","25.0465497283312","27.2434305975296","26.0021156736648","29.9739838882218","29.9267189549297","30.3005789254957","30.0276799072582","30.8973076095635","30.4406295736661","28.8615110330849","33.0710644724163","34.7891793950927","35.0228426677793","36.2864170107886","34.9475949325631","38.014234458594","49.3059797720397","43.416682322933","42.4074682386618","41.7436240053676","45.4014037867425","50.6146538596473","54.3698527067682","56.5992410036566","61.6132585320788","48.1787346689768","55.8771201659178","59.1998789466291","56.125802769265","53.8405510744117","52.0357748337158","40.9928826134566","33.9116556219668","37.4585447571697","41.6872284427833","41.7237359477593","39.9236542649719","48.8798774283122","56.5790357085125","51.2005834363768","51.262441614229",
"Egypt, Arab Rep.","EGY","Merchandise trade (% of GDP)","TG.VAL.TOTL.GD.ZS","29.3847018022938","26.3651143623818","28.3486746308889","34.3431998901401","31.6823558485958","31.0992805120282","31.7544186807345","24.2262742622692","21.7118550610477","21.1971721220218","19.2608976761619","19.8506650472495","18.5383558978066","20.1613410057543","41.9006978995475","45.8727471450646","40.0195611967903","45.2960730337763","57.1439988536101","31.5028855910705","36.4837724998495","54.2779002118347","44.1074812967581","43.5635714285714","40.9346873417722","37.9428198391421","34.993387755102","50.8606757281553","82.9156558441558","64.2363615584416","27.4576503131524","30.8148346666667","26.9877762760604","24.3008427835052","26.2977462857143","25.2230558823529","24.4774054054054","21.841850319669","22.7469895615866","21.5862064369311","19.8861073213761","18.8251212712573","21.5112694642386","25.3560718562874","32.508501957552","39.4388423398329","40.9844584749879","43.1807250268528","45.8216638749302","35.9551026674343","36.2406025194762","37.8961498067245","35.3289544396011","33.0051118039131","30.6414943661972","25.7837333769794","24.4424798848454","35.122413632758","37.9391899189919","31.3767326661901","22.8144683548419","27.2822470021461","30.8234300286898","31.6425231524397","32.9597052724419",
"Euro area","EMU","Merchandise trade (% of GDP)","TG.VAL.TOTL.GD.ZS","26.2756815142123","25.7922595241321","25.1940043063105","25.4409047040064","25.8058261760211","26.3023570178304","26.6593168129084","26.2740487547039","27.3594495112492","29.1877370863529","30.394961378093","30.3118698519362","30.5770251293792","32.6667041332532","38.9638358789812","35.3323189449272","38.4698269459292","38.4771371756904","37.2527866819222","39.3982321847918","40.7062483249544","42.6078699846321","42.0366580685653","41.3496329544424","43.9556877433556","44.6824558845476","38.8160292811645","38.1964375220948","38.5929847197254","40.8680138451665","40.0002591162238","38.8334592392098","37.4960887732816","36.7840956512759","39.6184115562881","42.1974880226548","42.7245909920046","45.9454272474787","47.5064877023374","51.1997139324863","58.9943326139634","58.0629584008406","55.9554233600655","54.9980555528359","57.2502000226006","59.9337694100466","63.4819400420842","64.8958909439057","65.8997238184934","55.243187127135","63.1853059439003","68.3827985556544","69.6100010093036","68.3430298139158","67.710226933342","67.6974145269872","66.2527437444145","69.0578522187751","70.5186232122998","69.4797906807222","65.9711932995939","72.4877048616019","83.65893206288","74.0539080924969","69.6836547941786",
"Eritrea","ERI","Merchandise trade (% of GDP)","TG.VAL.TOTL.GD.ZS","","","","","","","","","","","","","","","","","","","","","","","","","","","","","","","","","76.9228106278868","83.5697375950298","106.641426477772","93.4230800421701","93.8667989838044","84.7790825183201","71.8958256088333","77.0773279266447","71.9169009806424","58.7475587682396","80.8970878083806","50.56028450808","44.2719648990702","45.6107739146627","41.8606305654313","39.6821033752023","44.2693057645447","32.3693348435748","42.3399471332471","66.8280345455347","54.0506579531587","46.2893846652417","69.1913009219017","44.8979734411506","53.1746521038647","55.9573486156032","70.1038974514426","42.0251599904209","36.1991765837078","30.9769452742726","37.03167701803","28.970303036472","30.897725277527",
"Spain","ESP","Merchandise trade (% of GDP)","TG.VAL.TOTL.GD.ZS","11.6463307812073","12.6561592715707","13.8895304254275","13.7023180752861","14.4535799995464","15.600703862084","16.3907050527566","14.7462894918477","15.7249758092637","16.5351470079262","17.4178537244606","17.1145397835083","18.0165311993257","18.9162195446196","23.1666175481609","20.8858165455288","22.1275453848559","21.1998570669716","19.8311406206724","20.3526563003129","23.5588429851344","25.897175998032","26.5311250219545","28.6409091754256","30.4331939350625","30.0059243191704","24.7919942814336","26.1537529019704","26.5991495703113","27.9787622017794","26.7369632507822","26.6115234560388","26.0271241064505","27.087448997675","31.2267267130572","34.4181576894748","35.5723624285708","36.6985592643905","40.1846368252517","37.7964889600966","45.3758074956323","43.2160830557977","41.0179602150228","40.1722220842833","41.2172265229359","41.6942521039551","42.9856500943597","43.5144486274745","42.9245993016462","34.7828622382978","40.7169780626823","45.9244012540875","47.527457992578","48.3363177847654","49.5124573666613","49.2573660793898","48.3422707782042","50.8046092446811","51.5013937272925","50.3576643446257","49.1949877035219","54.7251866532511","62.7891490901118","55.1018171627613","51.9302729795657",
"Estonia","EST","Merchandise trade (% of GDP)","TG.VAL.TOTL.GD.ZS","","","","","","","","","","","","","","","","","","","","","","","","","","","","","","","","","","42.3613546508694","71.7194229887732","97.4023618640792","110.7810063669","143.042264140711","141.555974387263","123.781632775354","156.192305292997","147.91483072689","138.383099957367","137.587896161678","117.445679632305","127.247677084771","135.918278337678","118.871652476567","117.011360905358","97.7285077235221","122.298531692969","146.619136032441","147.056000264524","136.670288784112","126.916006449467","117.352345006189","114.531037719784","113.70080743468","115.803815457366","107.066163588785","105.79253242322","121.429201229449","129.809990469813","102.47563800076","95.6772509130985",
"Ethiopia","ETH","Merchandise trade (% of GDP)","TG.VAL.TOTL.GD.ZS","10.3072831221721","10.1733665761709","10.5289281014676","11.0133436212601","11.4911872500405","12.3148228468159","11.744630858973","9.9115998915604","10.6490628022734","9.89531417769138","9.65404862926894","9.73860578750832","10.1129096756291","11.128661067307","12.0597482763119","12.0820235581299","12.7836729046594","12.11994552489","12.6517851901656","14.9558572981183","16.270746466724","14.90477017335","15.0000211888026","14.553049830314","16.3768293625078","13.6456356423659","15.4245023688307","13.1695995812925","13.9342037229898","11.969804799795","11.050614632011","4.78992472641362","9.37256006897046","10.8937710848452","19.7864841093233","19.9485558775315","20.7505452860834","19.3104137909642","25.9319719486484","25.4023403464099","21.1832800226753","27.5289788724759","26.4176579559594","36.8983523330079","35.060056717325","40.3027481349582","40.9008344401579","35.9556413222935","36.4984367930615","28.6274581680457","36.5206005584203","36.8387546550886","35.2868747068032","31.5751189171391","33.5034228834772","31.5860230793913","28.0653603386411","24.5959980733209","21.6096155150915","18.8327880885887","16.5925507967739","18.2651733624415","18.3798473305622","15.1103124341759","17.3567171665172",
"European Union","EUU","Merchandise trade (% of GDP)","TG.VAL.TOTL.GD.ZS","27.4034435359939","26.763874896856","26.1707807991855","26.3851429490757","26.8119913873787","27.2596629896238","27.5037949027019","27.0389765116728","28.4750312499691","30.277476287075","31.5708867169162","31.3718794033964","31.51229320354","33.776788130535","40.3189098409571","36.5942063178837","39.3017010392378","39.2265407636823","37.9537039093673","40.2053009745657","41.8248089652415","43.7523125148256","43.4122067328562","43.0706062245524","45.5947468750607","46.3562111726858","40.3152823097433","39.5620649519309","39.9177154142286","41.9686939984735","40.4427394267587","39.2610779475503","37.9257065811807","37.6553010641613","40.6681617176099","43.1766714491243","43.7066102588474","47.0387858167598","48.5282138233518","51.9072333620299","59.6221074159848","58.6661623967606","56.8087600060174","56.1372922166536","58.7525381441542","61.372825650952","65.1673112789631","66.6465862130326","67.6915597869594","56.9543361849631","64.9099371112563","70.1972482450015","71.293390575821","70.1052612383203","69.7926265768373","69.8458373971464","68.5695576542171","71.4654012778119","72.9845056351579","71.9194726395737","68.5627255695061","75.0964774567835","86.0958918274035","76.4960459034491","71.9458318660959",
"Fragile and conflict affected situations","FCS","Merchandise trade (% of GDP)","TG.VAL.TOTL.GD.ZS","35.4758148595297","33.2574676691141","31.8602050301991","29.8540451458746","36.4302301072995","35.0970632276356","33.0441403542158","35.3426345544221","35.1793925870206","35.1971201510459","32.5926910206587","36.7711262680036","34.3087954284842","38.7023336941866","50.7542237657151","50.2475908881848","49.8708115449021","52.4594684708274","49.0699748674076","53.6460910473818","58.4393932420759","40.5006081661261","36.9421319506478","33.5505318270089","37.6524298220871","36.0853841404729","29.8996324036069","31.7881367507999","32.9421954605375","36.6069172506043","25.936382336987","33.8362968372213","35.0644454396256","33.8642859743266","34.6142904582458","34.225904469248","35.5804393277892","33.6649775366754","29.3598662326167","42.663740962386","45.6430299900398","45.4769203227611","45.3977442272079","48.5203220282173","54.772515205063","54.7677231603572","51.997951256841","51.2887679828264","53.6662545106036","43.3617035637774","45.8154560129354","52.4117421390545","50.6502318314899","49.7698805329702","46.9194622245228","40.9461459288935","36.9016633376755","38.8734203489658","43.8357430913509","37.179388236839","32.225271904806","38.036856928828","39.3915694894851","41.2810609586541","46.4982457925953",
"Finland","FIN","Merchandise trade (% of GDP)","TG.VAL.TOTL.GD.ZS","38.8863920435672","36.8957211865122","36.3931683289983","33.8702150499793","35.622427679866","35.4016195237109","34.7190053667996","33.6809069250123","36.1910666868447","39.4201936473334","43.5267623959874","41.297767390441","41.2221518350911","41.9942420915048","49.5069889576162","44.5458457723256","43.1176941384612","45.5872557023862","45.3289453221312","50.7542088478272","55.5172578728461","53.7699550721211","50.1837546737708","49.7365912518854","48.9966206354553","48.0676644053242","43.115637564618","43.3255093509026","39.3235122345488","40.1155477665471","37.8744923266347","35.1259407683546","40.1544979123912","46.6030957832029","51.3438794872361","52.1854104454872","54.9624323131687","57.6070692643819","57.2516591243118","54.9838553796204","63.9409329222966","58.5826062707888","56.5420739817888","55.7557258161843","57.2085353465788","60.6581972470007","67.5351329306492","66.9873738108658","65.8862028388355","48.8175073159175","55.4549229168943","59.3929531372061","58.0884998441606","56.2430548197581","55.2504068884023","51.5615204292377","49.7320063481861","54.6232457393768","56.4112242769803","55.1220338172411","49.810312884431","57.1025649936669","65.4401326700647","56.1527648269114","53.1264192680775",
"Fiji","FJI","Merchandise trade (% of GDP)","TG.VAL.TOTL.GD.ZS","77.4514573991031","70.9475780409042","74.8536885245902","88.061673151751","102.118974820144","91.7838184931507","80.3431913116124","82.3977064220183","88.0487654320988","88.3731324544884","86.8661626694473","87.1848985370458","80.2130639112132","80.7605602244871","82.8877004444444","68.8312276260264","62.7752892262819","73.8010697474942","73.0765061236115","76.8860023468669","85.8127268666538","83.4394353219697","74.2006299622777","70.3419479651595","66.3836629812593","65.6344535095716","59.755058219881","64.4340855855856","80.4497602670698","90.8967715511615","93.56646","79.630994906954","70.0203778655783","71.5114667988107","77.448383898844","76.6887712656538","81.5052724959829","75.924980945122","74.6455222408281","78.0806219029391","84.3155495059206","86.113930595428","77.2386111942532","81.4173499036962","78.9858941850802","77.43917","81.2012993597086","75.6294277678719","90.4295167142205","72.1097413528406","84.3585784539806","86.0186739777625","87.4616168019454","93.8909318972125","95.1801581392905","63.5560657468894","65.7577994354148","63.0619116309555","67.384221401424","70.4783056438413","60.4817744925892","70.4758209719561","81.4004103191188","76.1045913399117","70.8597650969529",
"France","FRA","Merchandise trade (% of GDP)","TG.VAL.TOTL.GD.ZS","21.2204550989193","20.7078674194203","19.6670131276668","20.1216687427099","20.558917414793","20.3710244062849","20.8962430168294","20.3152487304203","20.9166966333312","23.151420589654","25.2727423598851","25.5910634342842","26.4936533597358","28.4028124184594","35.0771987473493","29.9579395152642","32.8360747528414","33.4070935469775","32.121019831604","34.1490693567857","36.1246159220608","37.3247991518291","36.7391076887593","36.2966853914497","38.4600348333579","38.3620159360541","33.2505569283717","33.1265347357726","34.2930860501087","36.6251136559564","35.8624578294419","35.6550944051391","34.2175746913772","33.3974098166911","35.8322873304163","37.0201754173496","37.5303675690995","40.511532399161","41.9800468180762","43.1277928196281","48.9765647585497","47.5772107626005","44.2889779537592","43.0974187347911","43.7507996028244","44.137198075067","44.7734681295828","44.8251155672969","45.5457721823154","38.7268375222284","42.8850473313804","45.8645860070991","46.3331983710335","44.8293753151394","43.967360627144","44.0953652658232","43.2655725088974","44.5998736047233","45.2499897468143","45.012924893891","40.4064908812393","43.827138408744","51.6560443653201","47.0936178247274","43.9631775031648",
"Faroe Islands","FRO","Merchandise trade (% of GDP)","TG.VAL.TOTL.GD.ZS","","","","","","","","","","","","","","","","","","","","","81.3363831425898","83.9461403384615","77.0187882162162","83.8462187865169","98.8242346328196","92.9660855557838","84.9162238966631","96.7841686345647","85.2797492331288","79.363682146219","78.6839866801211","81.1655090096286","84.6965113269196","71.7517368058371","74.8610347285537","75.1049991881188","79.4310943185779","79.891785535917","74.5873998405987","83.1792693529935","94.3670702096086","87.3935861940414","80.7783779863905","88.6852069979685","72.1255265358263","76.2612832369942","71.4186295015293","75.3337094453502","73.9060512528026","67.2970445330452","69.4308788338214","79.6125881845888","86.72963343328","81.8794240186915","75.7420952870106","75.1114523300802","77.1685371365813","80.600981348783","","","","","","","",
"Micronesia, Fed. Sts.","FSM","Merchandise trade (% of GDP)","TG.VAL.TOTL.GD.ZS","","","","","","","","","","","","","","","","","","","","","","","","","","","","","56.9366479550922","55.4733727810651","59.7826086956522","59.5667870036101","69.0623245367771","70.0604838709677","53.8271604938272","50.015913392435","54.4918870313077","56.7522541675257","57.2693773184469","52.9468686740108","56.1805465812249","59.2247369825218","55.1220744782046","60.5935190604166","63.6839620131723","60.5924927104268","62.35328503624","65.0764587847392","70.5085466135327","71.7264502488618","68.1257840063343","85.071881110721","76.1991899606634","71.2896042731577","61.4661360157808","64.4797171691422","72.3076923076923","63.7883008356546","62.5","64.9746192893401","90.6402662142162","94.228347717414","93.5193045240985","92.1921202239612","101.182563363167",
"Gabon","GAB","Merchandise trade (% of GDP)","TG.VAL.TOTL.GD.ZS","55.8426315285682","54.2836650503812","54.7056317601496","78.3271678136047","70.0111745533665","73.7390558162162","67.9276585625262","68.8655320449102","64.5230163997212","68.840929038833","69.1779763714019","71.0005707392959","85.248054478341","72.0827215040348","71.2335579230562","65.4432990484429","54.4292739774718","73.2909990630252","72.1496110237389","78.5413454421347","66.5243190759788","78.7619895212958","83.692466488687","79.1737450019345","76.7945303630639","84.0141202384539","62.7857569227115","61.490700781562","51.8189659819064","56.4922970524148","52.4503682670616","56.9506881961762","49.7461655642928","71.7116811685088","74.1143853953505","72.4967110322398","72.7251652234963","77.4946823072915","67.3370286852552","69.3760567223964","69.8358711378527","70.1933843808202","66.4236244256503","65.5415131408101","65.3134743645687","68.205648861943","69.4740421450524","67.9704664919814","77.8930618709738","64.860452251056","81.1892466691843","73.7549314878211","102.909274807446","111.254170962101","128.971889118085","116.629870795438","111.773550016368","64.4094447954553","71.5999661842958","68.6720490613236","70.5829312249764","60.0516275400566","71.0838253756504","87.2275399816333","81.8350796827151",
"United Kingdom","GBR","Merchandise trade (% of GDP)","TG.VAL.TOTL.GD.ZS","32.2841991839117","30.6179549033103","29.9479747516297","30.2985277261423","30.554756953573","29.4014947315861","28.9510944426065","28.5483454423037","31.9423057965755","32.2896114400775","31.6066310995207","31.0274735458429","30.3862497428513","35.4034061124259","44.8194760894957","40.0253747460512","43.4624565469293","45.2551044318905","42.7827509234256","42.3689094180701","39.9468828080972","37.9003345411301","38.176956318221","39.1527674217727","43.0360894202556","42.9624716525334","38.8098711952641","38.3357936683737","36.7538342020556","37.7690942469003","37.3362997565266","34.5565256510372","34.8875238704494","36.8101706573374","38.5058262524222","37.4475701380595","38.29817996539","37.4636795372958","35.836482901943","35.2571868882717","37.2587228888835","37.1724294549873","35.8407647453723","34.1167538744493","33.7260061048433","35.8779767525222","39.3232222207188","35.1521899764714","38.9126316847219","36.2654636992956","40.5509874406068","44.5254685809132","43.4464486994075","43.2232613995187","39.0526276605737","37.2033026034763","38.7019379386028","40.087126406212","40.0026853738836","40.2069043063565","38.0976298385091","36.5390631686012","43.0568308844181","38.4869412960194","36.0438439907329",
"Georgia","GEO","Merchandise trade (% of GDP)","TG.VAL.TOTL.GD.ZS","","","","","","","","","","","","","","","","","","","","","","","","","","","","","","","","","7.9938672922252","8.73691807597778","19.6907741327718","20.1579027412797","28.6274077807936","33.7271948890206","29.8325944525199","33.1425507788382","33.7533385183101","33.2664250374588","33.6301079667382","40.1365152205135","48.6404364687561","52.3326474283403","59.5719900941994","63.3740653885535","60.9371751568816","52.3269418325364","55.7982727346607","59.7985544656883","61.6358373803635","62.411303280939","63.8037980612824","62.4285815908301","61.2449095149509","65.5795409433962","71.1742385507118","75.4946450549008","71.139173311374","76.0723071602661","76.5392432061488","70.4955400094851","68.5826128923785",
"Ghana","GHA","Merchandise trade (% of GDP)","TG.VAL.TOTL.GD.ZS","56.5217704394501","55.4244438696845","47.3774020482594","43.4839725197688","38.1794865709365","37.3028397356572","29.1586231475845","34.9132505475009","38.3944055284706","34.3518161657621","39.2319992856419","38.1447490018497","34.6542786901815","36.883472816344","53.8624463519313","57.1864470944539","61.260190009194","64.3375436710562","57.3109215667588","45.9426688399121","53.6980304303183","51.4157464268995","39.1229482597078","59.3008835131875","25.7463270759644","32.9240456146079","33.2829037550377","42.0309651474531","36.8235191153695","43.622653318412","35.6930202192742","25.3211129506589","53.3189617803149","59.4579631207872","64.8687308357349","56.153852703278","54.4786456119308","57.4770754035172","58.2459197502313","67.374007521939","93.1996624988491","91.6296613931448","74.1137425811469","72.5036084386247","73.4567393238852","75.8429721018129","50.1842524892458","49.3649356930043","54.1817788387651","53.3078016772251","58.644021335595","72.7641699123625","75.8752345917387","49.8872461359282","50.8737123397321","48.1139495320654","42.8503902951703","43.8549647138993","41.7443795466076","42.5426209945473","38.4254746538806","35.6615526699214","43.1512853459185","38.1292214438968","43.0844540513615",
"Gibraltar","GIB","Merchandise trade (% of GDP)","TG.VAL.TOTL.GD.ZS","","","","","","","","","","","","","","","","","","","","","","","","","","","","","","","","","","","","","","","","","","","","","","","","","","","","","","","","","","","","","","","","","",
"Guinea","GIN","Merchandise trade (% of GDP)","TG.VAL.TOTL.GD.ZS","","","","","","","","","","","4.16120042293497","3.61683484462102","3.97328710541708","4.75536058388705","4.77912572789417","6.17752306534004","7.68914346119879","8.11352421025741","7.60451008124962","7.04059194345127","7.80791109272713","8.09625049278461","6.33068877194423","4.99012097411473","5.18416058683286","4.12504239866193","33.7214177506234","33.997219535274","32.1014331361969","33.3889885759369","35.8509526326012","32.346273864871","26.2464428576969","27.0017809157451","24.7729463832208","28.2414323734988","24.0549817832907","23.6545193260272","23.5086439009735","23.6188951025837","29.2618668887692","32.2867794886994","31.9880323657012","24.8548905459121","28.7505510777296","39.0662522448523","47.1324797733468","38.539183618265","38.8846929077576","31.4132758060335","41.9641611892081","52.1581199310507","54.7522336230856","44.8271844271033","50.5554874010367","45.1774944011485","79.6072085402517","78.2398018789907","62.1066133104135","55.1593870245608","89.8450930295602","84.515215794286","68.2857407252463","62.5947904403804","62.8901688264967",
"Gambia, The","GMB","Merchandise trade (% of GDP)","TG.VAL.TOTL.GD.ZS","","","","","","","76.9020569981001","79.237593932322","82.6043381924198","79.7023166843783","66.926617714548","61.0098969432314","74.3738614864865","74.48021875","93.9496217205613","90.2936739495798","97.1558910068518","90.518643449031","80.8924539620536","96.0829873990961","81.2997708603931","69.9371843311093","68.0396316667607","76.3649944309314","84.0189808055381","60.2499418624495","74.8732863254512","75.6935417734495","73.4984716174292","66.1691475567193","69.066938200654","35.0566587775836","38.5016956696937","43.4413510334958","33.0880108768478","25.1908440264465","32.8916559168168","36.4594130823519","29.6327938237955","25.0391533784461","25.9287780315831","20.8027037443824","30.7833155687277","33.0569223643827","25.6783275522773","25.9803174705979","25.6139646517862","26.0998050115788","21.5140933010006","25.5147337459129","22.8731394015039","31.4252686514921","35.7595975699698","35.1844049043534","41.6442408156796","38.8194079432661","29.7053935070257","44.6538490625532","48.9024972414999","41.5745462277864","40.8350009150506","36.839199792676","38.5533944903998","72.158304449136","73.5584962329106",
"Guinea-Bissau","GNB","Merchandise trade (% of GDP)","TG.VAL.TOTL.GD.ZS","","","","","","","","","","","15.1462923634061","16.1632154160211","15.3518061592184","20.6601537769096","18.3043382690906","15.8835490570897","14.718349585666","16.7295880492571","19.1296600258962","24.0148099999075","22.9446896009829","15.9112603096463","14.4090872183833","15.0508491712076","18.0565340828459","19.2534397885054","20.6779879446534","19.2523291601431","19.1806439856554","14.9799944116167","16.5566237440647","14.3611339436552","17.3378195752432","14.4532251044027","32.1631558307445","23.7808381459714","16.3592747660177","19.6244925707255","15.22754666562","17.6054581574026","30.9189628749119","30.2948876608155","24.2087326856694","23.4820311822923","27.3116174560695","50.3301123395486","56.0822542826338","68.2455194100874","67.5996578272003","69.6497870129622","62.5457033755995","45.0273583431508","32.5896732912414","33.0725133360306","37.524750445498","43.6486385784299","44.6559708147317","47.075515052961","44.0116604310746","39.7186536971652","33.7232012791749","37.3147125695645","38.3953252627414","33.5575488145123","33.0419242290192",
"Equatorial Guinea","GNQ","Merchandise trade (% of GDP)","TG.VAL.TOTL.GD.ZS","","","131.531853972799","103.915662650602","107.868631416739","81.8553888130969","83.924178845319","94.0298681496098","100.719424460432","105.614348251094","73.8714679531358","86.2242120661377","70.3050033292115","56.6479950960705","52.0391582900696","44.1053897416198","13.5065972572714","23.0796926232102","","","78.9844483348055","103.453656450059","97.0771914898864","72.0032198888124","65.5790944762566","59.5635089806162","99.4668109440183","103.91462512497","109.415005145343","104.230424175147","109.704464521747","93.7730810236642","78.6891960570517","85.2640832198879","98.2074632766963","174.828427386381","225.412194026295","193.291159687016","203.945297816916","182.574037258561","147.99256454674","174.384501514496","145.233736857228","149.270794555531","129.025256464268","101.906095559074","101.392662484125","99.2753917026099","96.2283668266338","102.157367884273","124.196697724476","113.333382536687","111.750113537549","90.2143582842928","83.2971403430512","69.9556496295517","65.1198690330496","64.0279906692641","68.6874220488051","64.8355632899398","44.5328677686471","45.7683024095867","61.712595303403","38.054555222512","35.219162621628",
"Greece","GRC","Merchandise trade (% of GDP)","TG.VAL.TOTL.GD.ZS","21.1701338524243","19.1521644173686","18.4999914027987","18.8189617758651","18.1544321501067","19.2819779929288","19.2279966047127","18.3784281920404","18.7028950243327","18.7530998810661","20.0739151712029","19.1815765884941","19.3265622845942","22.3850597670935","25.6613180586094","27.1995628177477","28.0603048279816","26.9362776368813","25.6491426922453","25.1265160590786","28.0178591831608","25.2932786586603","26.5956918735049","28.5445244485075","30.0957846896947","31.1160413477826","30.5744469814252","30.4311284616568","23.606191449349","30.3530515093902","28.8844081771248","29.1722106827446","28.558171376056","28.3841744985874","26.8837911017915","27.3769999620788","28.0337988988091","27.560772349041","29.481534938352","30.3351446185178","35.9660784155982","33.7189245963734","27.9420553596699","29.5708369694385","28.9676190591281","31.4321399164777","33.0129232164552","35.4555786369358","36.4255782089031","30.3767362712871","31.6863728503207","35.4781207002696","40.6169556855215","41.0046184981127","41.8718044498283","38.7218054989249","38.8198196856255","42.979102464047","48.4667351057141","48.3783244955737","47.6382617754806","56.949534969442","72.3927073457166","59.6811175963806","56.8997527529758",
"Grenada","GRD","Merchandise trade (% of GDP)","TG.VAL.TOTL.GD.ZS","","","","","","","","","","","","","","","","","","64.3406179466695","60.0074366448843","63.5731873985641","60.4145391191889","63.120439938514","59.7916428662711","57.6615718761989","50.8474655206785","54.8505618193555","61.3040634736074","56.27656490287","52.8859830824337","47.50724576938","47.4651518020523","47.8790433501144","40.9465495277713","44.5431156678078","43.677280716754","42.6685347590527","46.8777964286266","49.9757015343825","52.7019750241644","49.3766334494957","55.1875986650142","48.9966085237873","43.8615220667873","50.0830424721371","44.2316434970335","51.1821086261981","46.3717891591154","52.4592865703006","47.7011417199665","40.3228130024145","44.4868235226301","47.1325218681773","47.0069639946659","48.0644551596215","41.3605630140103","40.6215637909002","35.8878465547737","39.9756526888973","42.6912709273271","42.3573362308136","40.2525903287295","42.950495049505","51.143481339377","49.0115926204089","48.5451570927979",
"Greenland","GRL","Merchandise trade (% of GDP)","TG.VAL.TOTL.GD.ZS","","","","","","","","","","","96.3751068756782","90.4294671452375","88.594580790201","89.9012702685266","116.526144728037","101.80375884311","89.2933465730679","89.2763042266554","78.9353706404219","104.601062810664","107.971456876631","110.155159793814","111.828180733671","107.164120651603","116.771958666327","113.835525485714","102.816459110473","108.332536223543","101.267775665399","87.8683680300132","88.0294406279734","73.6842055059982","76.0177005107741","71.0731171157685","64.4207204751485","66.586526428466","69.9782133640553","64.3564003671798","57.74625733939","60.6245330630859","59.7364284953087","54.5034033628319","59.0179053087757","51.771927146836","50.8642039711687","53.7895218649431","52.456229946122","52.8044286332498","55.3000780333891","43.5579337157519","47.4598742719136","52.3754974778138","51.1940458174842","55.7552907191883","50.1747723779073","42.9352330288216","48.3536211746243","47.552023262113","50.0035646166842","60.4542078397631","57.3855947518404","56.7164261726654","61.0975717820895","59.1905597869008","",
"Guatemala","GTM","Merchandise trade (% of GDP)","TG.VAL.TOTL.GD.ZS","22.4223862037549","21.4544461274678","19.9370409233998","25.5780804561292","28.2503293241728","31.1701991264984","31.1353994391314","30.6157550739594","29.5560384973611","29.4391995708989","30.1470588235294","29.2220878677952","30.9808213962785","33.7459118112287","40.2340673804861","37.2198908362818","36.6297832162837","40.3795259418109","39.1229849068301","39.7676226416822","39.5750567987104","33.8541957413583","28.7713672859252","25.2486176685694","25.4276660461704","22.9590606620727","27.6964892808657","34.3571799301492","32.8886843384381","32.839026479983","36.7572241197776","32.457539185352","36.6543440058726","34.552579139472","33.3584084668266","36.0549585926264","33.1869509044024","35.0926970102782","37.1942098844715","38.5077041787542","40.862818188197","43.8625557937691","57.8207830873424","58.3323822178002","61.5464924850248","59.2904797288059","60.3141848043173","60.9928830632741","57.8749270724411","50.4900208510295","54.8251619588612","57.6286295447453","54.3877048641643","51.9714348776416","50.2747010637354","45.5359239972175","41.5527385270562","40.9999300754646","41.5500928410776","40.243697862316","38.2478170141427","46.68296360836","49.9898336435908","42.6535700044625","41.5982104511416",
"Guam","GUM","Merchandise trade (% of GDP)","TG.VAL.TOTL.GD.ZS","","","","","","","","","","","","","","","","","","","","","","","","","","","","","","","","","","","","","","","","","","","","","","","","","","","","15.9109149277689","13.0294396961064","13.4284126690128","19.9108734402852","12.7090877737541","12.6419250974411","13.188092466323","18.2449181953396","17.0259638080252","10.6659905341447","13.6669874879692","18.4225759768452","","",
"Guyana","GUY","Merchandise trade (% of GDP)","TG.VAL.TOTL.GD.ZS","93.9980808773132","92.5479849340866","86.6891113105925","97.2929273149685","93.4413836477987","94.2620689655172","99.2541152263374","97.131436632965","97.9325353645267","97.8740473325311","100.821508588499","101.400460911186","101.618554980811","101.93858560794","120.980412695087","143.292631578947","141.49282633571","127.367297946119","113.394336199416","115.187391599427","126.160477453581","138.509714371303","111.825726141079","85.8310626702997","96.6566388059748","95.2615384615384","90.161294477479","142.981290849459","107.781539579061","127.705718937409","143.223752692898","159.238823589796","196.480934651432","197.753196671402","177.859970793633","157.972600642325","162.034345850733","163.654758448667","142.711667113197","144.367441321214","150.280376724967","149.122232384685","144.60192050653","146.555353618531","157.905216364387","162.568992497255","62.0635698098344","63.6403543314097","69.6485770363083","60.7771549647867","66.328518095768","78.561313332634","84.0001385635281","77.9787723908406","71.662876574367","61.7546422384579","64.4478041476671","64.8880976809744","78.3058532148718","108.373789895331","88.4623105534308","108.588568456613","101.267880046298","117.303518517889","107.932178504232",
"High income","HIC","Merchandise trade (% of GDP)","TG.VAL.TOTL.GD.ZS","16.9673567299991","16.7950539335733","16.5971374581217","16.8769493540032","17.3635584356806","17.512828913505","17.7195103255933","17.5193171183269","18.3176900398013","19.1251526371284","20.2436675096997","20.4158622665444","20.9450829460706","23.8057852022629","30.2176512812198","27.8706590637019","29.3111376124797","29.4811489222814","28.7329664712485","31.5284358722922","34.1938257898925","33.2404091295281","31.3269259125697","29.5455104138445","30.5178763623475","29.5475827134715","27.4189594929963","28.0934517339297","28.6341962393146","29.5846999397463","30.1334452716357","29.1994557041012","28.7570542953665","28.1034480962952","29.9023392790314","32.050716477125","33.1517001170574","34.5537926986998","34.4087324224501","35.0323558528975","38.2185523410807","36.8825470188629","36.6424869128952","37.8989125695687","40.6823740438137","42.9546841630693","45.9931786330678","47.6855239079891","50.4511865212863","41.5289443459191","46.5485692420708","50.5478729773483","50.2697975380032","50.3841692470001","49.6474433455502","46.411186597931","44.6443691352671","46.5895899003491","47.9854775775537","46.1590007244179","43.8125805644232","48.5518150563723","52.8404624182506","47.8727117180945","46.496450787558",
"Hong Kong SAR, China","HKG","Merchandise trade (% of GDP)","TG.VAL.TOTL.GD.ZS","129.845877319546","125.245572099262","119.887388051111","112.127419200153","113.665901749664","111.372178026231","124.144273211035","124.235137318255","139.935584588399","145.309646550394","142.602813122133","139.99100258611","127.703761723528","133.572141699131","135.759011257409","127.307782500151","134.525532965989","127.62546258392","135.66374524842","143.242189783567","150.083893712531","154.276770882831","143.103933353741","156.694566538722","175.406065070689","171.631347437151","175.343406180173","196.359765116397","224.12295591277","219.505042729025","217.233381267772","227.677613288434","236.80834535428","229.898891206217","233.663840477034","255.746373792366","239.295233331148","226.379933903195","214.123249560728","214.223369799354","242.749281538855","232.033033352963","246.408051664828","286.244322868631","318.413208711955","326.199947731752","340.207969220694","340.041772194437","348.051967185226","318.46298528849","368.293344554227","388.883317152856","398.430308296471","419.962315385317","385.951765429059","345.606234384642","331.345118672303","333.685065582899","330.375822212441","306.47177421324","324.268506659521","374.643008084455","356.161664929125","322.159681631242","331.727555649502",
"Honduras","HND","Merchandise trade (% of GDP)","TG.VAL.TOTL.GD.ZS","28.3822138126774","28.8098549572819","30.2375809935205","32.1589882565492","33.3276941295889","38.2459104523462","42.1873871270678","42.6126905919169","45.0058250045987","41.6864045476078","44.2282176028306","39.9603526527205","38.6165808955513","46.1756855889391","53.9823008849557","52.2536746738844","53.8601900207639","57.2420687115273","54.3521400371817","56.1373205225089","57.7502826278106","48.8320292421041","37.6018787125294","38.4059574800484","40.1498796496191","38.537069981286","36.7395507957757","32.2002865785703","36.4218984377056","41.7742964988456","50.1277277433723","52.2790136512698","52.1726867251952","61.4922263114529","73.3860149056161","78.0764063399676","86.5210091132771","91.0547185965123","99.9722969783097","98.6379518544998","102.008755281086","99.004565589698","103.419901403304","103.615972081911","116.818699270932","118.81710478951","115.228087256651","118.693424076668","119.956214030423","83.6264140764395","95.7804782382069","107.863933567901","106.484292172238","101.547432298984","97.0210666875687","92.4747027563981","85.2718337992333","86.7253843758684","87.6941107211401","84.144401780013","76.8063610726606","89.9754893593696","97.3778377440451","83.6365195297166","77.7412452430922",
"Heavily indebted poor countries (HIPC)","HPC","Merchandise trade (% of GDP)","TG.VAL.TOTL.GD.ZS","28.8953727784648","28.0547557746847","26.1678555943689","24.5948294250811","28.8802016009235","27.298538133911","27.261945227835","28.4922636026483","29.1189094351884","28.6845951466542","30.1584267489911","29.73464247751","27.4423682856011","29.0316579288637","33.6071625169408","30.5223361658515","31.2713469387728","31.8264710096106","29.8609277531442","30.8665961303246","34.9093084245909","31.8255462156512","28.5790228366735","27.6007533386242","26.3817091577005","25.8105484506205","29.5881950026875","29.4471079029444","28.2706342096138","29.7357272181868","26.9438661472261","22.6569969494108","31.4875415440606","30.2458225217294","36.8733122938865","38.0725229023842","37.8273188038122","36.5178487346534","36.8702299009573","36.7291511303305","35.1751624423125","38.4108805488056","38.2458405535165","39.1920900663829","42.5726350066278","44.8011013633803","45.1855604084183","45.1393453394793","47.3452381677994","42.0757983873777","46.1590541804372","52.2302832487517","52.8987940934148","49.9174155971691","48.0537791358336","45.71939073786","42.165791173127","42.2698156234155","43.5722890817202","41.1050535855877","39.1087614083237","42.7787245092675","45.5905555534756","45.2560338162976","44.366777110992",
"Croatia","HRV","Merchandise trade (% of GDP)","TG.VAL.TOTL.GD.ZS","","","","","","","","","","","","","","","","","","","","","","","","","","","","","","","","","85.64970344376","76.1924359946469","62.9957888712747","52.1201227903767","51.4554724106566","54.1120419629522","49.4124647634006","50.897869242994","55.655421933026","59.8823841574577","58.3644592383624","57.8686808206192","58.8962327429413","60.8578130933318","64.2108185081288","64.0185565691852","65.4858049231703","50.5905412450053","54.0447460495433","57.2452982500983","57.696067852418","57.9501492609732","61.4760686936314","65.6798565161893","67.8357370109289","72.7945433059776","73.9525447596754","73.7634920570597","75.9543113131038","81.7435748274464","98.4458524059927","79.8968478318443","77.2371015405374",
"Haiti","HTI","Merchandise trade (% of GDP)","TG.VAL.TOTL.GD.ZS","26.7216033547692","23.9793998509588","28.3791798984593","27.129367065084","24.9015313519503","20.0989775565192","20.0569943889203","18.96380676206","20.1104006644042","19.3966419308438","28.6835748792271","29.4928335170893","30.3764291397849","29.1345970865467","34.8426311284047","33.6072791312005","37.6564277588168","38.2259767687434","39.8275508109218","42.2913196372386","43.4311316664258","41.4357171826416","38.325871659205","37.3860556787386","34.6327496971699","30.3573205932119","23.4685073339085","29.9433372411098","20.0082114005641","15.8977061912392","15.8899854916681","16.2945097195331","15.5507229271357","23.1598097962179","15.3628324134047","27.1210464098232","25.967168660364","25.7566066733326","29.9954049002333","32.7176139688682","19.8721195384756","20.3254269063587","22.7205077962931","30.2645070701","27.8774347046269","27.3678381514044","27.8580007227098","23.8821812653251","26.7900892375192","23.2818775546289","31.4099146074631","29.1111840347995","29.0686531679517","29.9614387809631","30.923853086557","30.7415081220611","31.3377854106637","32.2658501220347","35.9671341933741","35.854870786766","30.5619795561214","25.9448975367687","29.1504424663859","21.5409260956526","14.8508443647253",
"Hungary","HUN","Merchandise trade (% of GDP)","TG.VAL.TOTL.GD.ZS","","","","","","","","","73.5332858829923","73.8883724592644","83.4294943073866","87.2596434996174","87.3522962330833","91.395630960551","106.885368771261","116.169387199427","79.0518786564294","83.5651540623936","83.2892525739871","83.2275732056508","76.9996867930603","75.4664963413545","73.4414896116827","79.0721642281862","78.8505194269883","77.4267855180437","75.7320039627079","71.3865606699494","65.0003520545406","60.9252840981573","58.9935240527042","61.8200877457898","56.0640550552659","53.2464123210676","58.3149284689716","60.8232092819435","72.2769106115244","85.0975133336496","99.8474663943008","107.906386171855","127.684360324674","119.057470190677","106.853597577152","106.704424729495","111.622933922174","114.491616121597","132.795450027463","136.283518404674","137.424245119439","122.905087567913","139.243941103235","151.540293108945","154.701940363043","153.055687369197","152.710969121645","152.100545659102","151.80151539194","154.410888579751","152.276248107789","148.169586647581","149.350828896096","155.359465252085","178.984961137879","148.99996633581","137.418389104034",
"IBRD only","IBD","Merchandise trade (% of GDP)","TG.VAL.TOTL.GD.ZS","18.7216197141684","18.2650335082237","17.8344841274268","17.5123759364527","17.0394037060697","16.5007543017466","17.2415709354336","17.1579664520464","17.2149893956886","16.6815596836197","16.9293216970754","16.9920920217442","16.7435083780535","18.5566439485965","25.0164810188168","24.7104824998534","24.4263111858701","24.5655076449539","24.8953177481999","27.3410277264375","32.4035953090044","31.4782172567615","29.867391614277","28.8726815780091","29.1125384859508","27.3991291889973","24.9893038482499","28.3030171236326","30.9585129786654","31.9321837668254","29.9722300006633","32.7748692160185","31.697282149339","31.9989151051595","34.0855582267544","36.0000000997196","35.9187277629201","36.7265588978242","36.2214241114129","38.6473573021298","43.0089708819834","41.9307023227467","44.6603137685752","47.9022486712203","52.094859545606","53.3275029376185","54.3559301349052","52.9311763434723","54.0912153974569","43.5434111025405","46.4996686577565","48.3930145315784","47.3160331901266","46.3680492149522","45.1548777157243","41.5126151999461","38.9559361069852","40.1753422235147","42.2380310855157","40.4890291594991","39.3849962114041","43.4182300599971","46.0325706920343","42.2486004092192","42.1324776455056",
"IDA & IBRD total","IBT","Merchandise trade (% of GDP)","TG.VAL.TOTL.GD.ZS","20.483444858751","19.82271832398","19.376441349212","19.0537071984336","18.9718147182879","18.2738781838822","18.8106417159617","18.718721025796","18.4849084613493","18.053473760893","18.2745592677151","18.5839058612007","18.3265794928629","20.1274246338236","26.5187892805399","25.9056402776038","26.0601196184119","26.563725714903","26.6464041504404","28.9698432352848","34.0324017380527","31.2376261256953","29.3619421221931","28.8112458365361","29.1871833111203","27.5767284333002","25.3046441839126","28.4104848299198","30.7907307820756","31.9876588227394","30.1440680656663","32.3955332842755","32.0314259520237","32.1627596161116","34.0999504681778","35.8091841220446","35.5868153260153","36.2389733503687","35.4518796815969","38.6889886629139","42.5685825251418","41.6696103721842","44.0072343839611","47.1054657434077","51.2508723588697","52.5931920822822","53.4719460850736","52.2114975606918","53.4538950005468","43.1935644482097","46.123878703538","48.1974480280631","47.0072056880746","45.909249765011","44.6672344143944","40.9555606804576","38.447245640512","39.734611051998","41.8154450361349","39.8765385247001","38.6325901260451","42.8029392094673","45.3476791459858","41.8994378279367","41.9541059247981",
"IDA total","IDA","Merchandise trade (% of GDP)","TG.VAL.TOTL.GD.ZS","32.4916223134943","30.0784345130487","28.9062697990997","28.4882866594441","32.5779622451948","30.5156477446161","29.1771930313253","29.4589592550066","27.1874199727187","27.4120055826596","26.7353010166621","29.3063772187832","28.2975681515041","31.1688637214462","36.6963504798621","33.2979941042335","36.5625782037591","39.8853982271439","38.0601051030929","39.7872361917783","44.8822148019731","30.0234263460767","26.7235971066899","28.4444005175245","29.6752354097061","28.7525979063782","27.6995575324813","29.2377225248939","29.4758245225418","32.4512747429358","31.589059122473","29.5754859549112","35.4759737579046","33.8738081004552","34.2602030636847","33.7991168180286","32.2810013882962","31.3203276574503","28.2835924574453","39.1954405952305","37.5112446736589","38.5948491865906","36.7686033411966","38.3238241802474","41.7712922111426","44.124441328305","43.3180957004657","43.4559466431976","45.6477274956314","38.9323187806734","41.3050460877723","45.5704277613853","42.8375593736169","39.9035552303684","38.585037579184","34.2285378303029","32.24343370696","34.1047669954121","36.4021522252266","32.7285160576243","29.9291077347256","35.063974891672","36.8712435912818","37.2027230132079","39.4205012572924",
"IDA blend","IDB","Merchandise trade (% of GDP)","TG.VAL.TOTL.GD.ZS","33.8934401900092","31.3360292309064","30.7566238350574","32.2706492578961","35.130375808281","35.0065029448701","31.6791564698971","32.4718119503255","26.3395739876645","27.420090680592","24.7487812343821","30.9378725192369","34.2877860995982","40.9876344236682","50.2075221925482","47.0384160961395","47.5450916821677","53.7632281870846","53.0593757723949","52.2250252649423","58.0988740123656","29.5058899703322","26.3749373894523","29.8189100942277","33.9103875484278","34.0033375952896","28.9847858083433","31.1801000949366","31.9618356687735","37.451678782367","38.7393667220623","38.4833183942426","40.9281118792958","36.4902356392169","33.3048000527299","28.985545661696","26.5049245486602","25.5073737597526","20.9335752512311","38.4658802840755","35.2459269178797","34.8284337686045","31.5977357392116","34.5649675858123","37.9448879552948","40.9680851026374","38.6713542677503","39.1850423510336","42.4185734365859","35.9372747153497","37.9695535643732","42.278414282739","37.2561798803484","33.4181476123435","32.5824238266089","26.2694438454787","24.7242338943661","26.1678918071166","29.058683416945","24.7067320897799","21.3925243500084","26.2851687057511","28.3781668496436","29.9000505197112","34.4694722952863",
"Indonesia","IDN","Merchandise trade (% of GDP)","TG.VAL.TOTL.GD.ZS","","","","","","","","23.183775985138","20.4480618316402","19.6103752759382","23.0583832335329","25.0387410234477","30.3611963190184","36.5016140018361","43.6703399327605","38.9707731856832","38.1548746662184","37.2918672116229","35.6286926492746","44.3441972135055","45.1737639481183","41.5490341409295","43.4257690833806","46.2713676090402","42.1714079507896","33.8283187641996","33.5104881431505","39.5445163109931","38.806562619288","40.8718013775399","44.7632131355705","47.1703467479475","47.839140171884","41.2330615573065","40.7242506077002","42.5697008750004","40.7895196294182","49.8736961438646","89.7370300752234","60.4022741679515","66.0509826158417","59.1441603035129","49.8342509610593","45.2795861442161","48.9197666244248","56.9216028179663","50.5188961009677","48.8444758263777","52.3577043072178","39.5552033314505","38.8616435497468","42.6591466662609","41.5879194268413","40.4571216414938","39.7918868988307","34.0430457181503","30.0622174988969","32.0726652469865","35.3873235837501","30.2885389121745","28.7924654801673","36.0465660932167","40.1353593394075","35.060805361656","35.6918258937083",
"IDA only","IDX","Merchandise trade (% of GDP)","TG.VAL.TOTL.GD.ZS","31.6659527669132","29.3133024278861","27.7983870699925","26.3793814145574","30.8844799324401","27.7175110048676","27.5927475534147","27.5355460717489","27.7280305444724","27.4067218821491","28.3735302663973","28.1391069485571","24.4855916084872","25.5605212499725","27.9257735353485","24.6921720944999","27.8073769150231","29.0933569548677","26.9012952969716","29.465538858123","32.7886159147882","30.8512184794965","27.2259685694721","26.9333179656831","25.7787319662516","24.171619999397","26.5333937810039","27.4894127741894","27.3214922473519","28.4640153820317","26.4475886273813","23.3908931975547","30.775935149068","31.583391297984","35.183912067241","40.079542688264","41.0582881944764","40.1618216149866","39.6621858308967","39.8147965130692","39.5737420278616","42.0907695805802","41.7309870385705","41.9615204677182","45.7065754195531","47.4248682589632","48.4740209586216","48.0694982789548","49.0174874080584","41.806555630675","44.5694966993925","48.8406577553516","48.9142333193902","47.033473787453","45.2798952794301","42.6601761571554","39.2784098466869","41.1838610654482","42.8874896029063","40.8723080268467","37.8712175917566","43.1687057179816","44.5617405040972","42.8509650311943","42.5564187288438",
"Isle of Man","IMN","Merchandise trade (% of GDP)","TG.VAL.TOTL.GD.ZS","","","","","","","","","","","","","","","","","","","","","","","","","","","","","","","","","","","","","","","","","","","","","","","","","","","","","","","","","","","","","","","","","",
"India","IND","Merchandise trade (% of GDP)","TG.VAL.TOTL.GD.ZS","9.81639589298816","9.35960239688759","8.92995178080605","8.47343456619117","8.11079405715903","7.59787763588714","11.8338183071171","8.74838946089393","8.15854348232728","6.92410406687145","6.6482456270854","6.6219851581738","6.53609398263074","7.16577027024036","9.10510374929401","10.9023887667043","10.9174331705094","10.7213433884354","10.5868568121093","11.5251799087179","12.5852942623385","12.2553270414594","12.0289588916362","10.6335433703959","11.6531270788276","10.7813996673026","9.96843219862152","10.0249581393595","10.9026049026994","12.3026440459148","12.9444594755636","14.1333746805605","14.9915996308922","15.882810978833","15.8475364167211","18.1349654953958","18.0828624789839","18.3808516681627","18.1361720910924","18.0126869786872","20.0475870623872","19.3129888586672","20.5397088157891","21.6423977728099","24.878138774264","29.5576303170726","31.9292573872391","31.1923755947841","43.0279499196012","31.4564996969941","34.4102804787358","42.0924401279578","43.0348994859193","42.0227264453611","38.5264969108603","31.4739334261127","27.287425911729","28.2546962843779","31.0493468667603","28.5793910253128","24.2859082425461","30.5789468347666","35.0812421437933","30.3831609995764","29.694506610887",
"Not classified","INX","Merchandise trade (% of GDP)","TG.VAL.TOTL.GD.ZS","","","","","","","","","","","","","","","","","","","","","","","","","","","","","","","","","","","","","","","","","","","","","","","","","","","","","","","","","","","","","","","","","",
"Ireland","IRL","Merchandise trade (% of GDP)","TG.VAL.TOTL.GD.ZS","53.0884832627055","57.4874771416406","53.8342298606485","56.1660198720834","53.4181355378788","54.6504647707023","53.9886430632405","54.4440394929357","58.3952209518186","59.1125941791996","62.3522080070647","61.7662888725079","58.7047235735353","65.765087329645","81.9566194155221","73.4936824288453","79.4922143992297","87.1239633951894","87.4658890918806","92.9455171282098","89.8985183807114","88.465562618291","82.725049416193","85.4808782207162","96.0726997509609","95.8062399308036","84.5528887727546","87.3836878600355","90.7793773598911","97.0656477006843","90.0749018530995","90.3740870058476","90.8607444094766","95.6799187660926","104.396579661939","111.433608589241","109.062069475527","109.944103901272","119.203662044251","119.327815443076","128.187868614877","121.989083837384","109.384398737126","89.0510191203403","85.7129120423483","84.115788264425","78.3200605728873","76.0387840346008","76.1248592682228","75.5496726369201","79.7234240424783","79.8196098076428","79.1206388873734","77.7077641803398","76.2027329690396","66.3148226353433","69.4260977288414","66.1844553150339","68.8419778240248","66.4835852304644","64.2021109976281","58.6279119675554","65.9123567745277","63.3475978436308","63.1564128197094",
"Iran, Islamic Rep.","IRN","Merchandise trade (% of GDP)","TG.VAL.TOTL.GD.ZS","28.4820605617109","30.7435204436001","28.82669339137","29.2779247006772","35.7816957224876","34.918319931485","33.0047163654588","40.3420941277895","37.8630930306494","37.2263845054813","37.0345226725433","41.487633264687","24.5314892710325","22.3841206121926","29.9399953117491","35.3559977324997","32.0753880709766","28.8907748764914","28.348219405913","19.9663958022731","26.0527841755488","26.3922202791585","25.7303056545625","25.4705081754473","20.0010194167151","14.3242757720789","8.46124348948379","16.0331323435891","16.3849751502582","23.1334783269511","31.7490295129393","35.3910865973347","38.180261916093","61.9779642211483","46.2240041585722","33.4393890340024","32.1127386743384","28.5965934278889","24.8837215000701","30.1752021861869","38.9053157899031","33.4161551095883","37.9811636227598","38.5409314618957","39.2389913653918","42.8025252538846","44.3460203213614","38.2216225358691","42.127859722037","31.2993970138352","34.2291964249082","30.8004235850684","25.7186385782684","27.4452525891987","32.5050709398346","28.1559972506762","24.2328922606088","27.8815909605002","37.0900157057537","30.9050530718638","30.4957390645899","29.6383446187427","37.0593767786596","35.6675980784985","38.2891530893448",
"Iraq","IRQ","Merchandise trade (% of GDP)","TG.VAL.TOTL.GD.ZS","67.8483338441233","63.9967093886079","59.018889461849","60.9114059590106","58.649840478461","57.2398448623171","56.3963388589588","48.8335855837589","49.8170467858869","49.3723100912307","48.9742129021248","58.390625","43.5358817086528","55.2356224279835","77.9038372195595","92.9745842035075","74.1770169750143","68.2977655252467","64.2909804759869","76.0277446450319","76.6440297513744","82.6613436268937","74.9935114473798","49.9276602487917","43.450576940258","43.293609027565","37.3536036036036","30.1545454545454","31.7095851216023","33.6964116837107","9.33439424959545","196.176351421383","202.466457704216","95.9353564421109","23.8515833257856","9.0041671228822","40.8579944151329","43.4435930645066","55.6956609008693","65.0297139225164","69.4521249568387","71.847885232058","66.9208446591747","89.614933907829","106.765171985303","94.3351668060347","80.6452455686122","66.5746950479032","75.0206469640247","72.4912717644875","69.0739703985446","68.6321562847986","70.2813118090483","65.5934729644834","63.0307056928371","59.2448090332909","45.2827089813336","51.0769122817348","58.3970963674346","58.9771877279661","52.6017869141025","54.3335127215048","60.2838342143126","61.3561271765272","67.3720328704583",
"Iceland","ISL","Merchandise trade (% of GDP)","TG.VAL.TOTL.GD.ZS","65.137968256531","58.8651120794963","57.79961771991","57.1043244064123","53.0461768371893","48.3503630464406","45.257514732811","39.6868523057177","42.9403979520293","53.0230470595833","55.7679559393123","51.8971623653835","48.3312515808715","54.3189787420557","54.1400881731818","54.2562779468559","50.2359754175859","48.8688897605524","50.6226452922019","54.0773551887841","54.7774277430155","53.0553165380158","49.0852733886136","54.4253967132614","53.2961293854628","55.692989755366","53.716565179259","51.8966225852711","47.7999264145073","47.4547636396692","48.8733792900151","46.271565727976","43.8289015787279","42.5733430886574","46.803140904935","48.2866370601516","51.2452497780886","50.1374808661384","51.0897967585159","49.6286378473073","49.123818587395","51.5173974834037","47.8324604799589","45.0336413415833","46.4195527490728","47.0652441892278","54.2677117589988","52.4633072604318","63.4976432177861","57.9827782917077","61.2237059796595","66.1816039607483","65.8201244712964","61.6707872381354","57.7658652284943","56.6707572749856","47.9327329640157","47.2584163096283","49.610811813362","47.1870154684862","46.6492228539519","52.616989281439","58.2182682117253","51.2944486739932","50.3530555550887",
"Israel","ISR","Merchandise trade (% of GDP)","TG.VAL.TOTL.GD.ZS","23.2203248740517","22.2456724778579","30.8143134289554","29.0162548781615","30.0918545594637","29.2902580419873","28.4055869738812","27.9061752149648","35.6512905493951","37.8224148824155","38.5866179464432","47.0893907213618","39.2515848760524","47.7963831709024","42.2882788943494","49.1767711448919","50.663217013766","48.5783242987627","64.0405415691009","58.0369318041781","60.3341022112388","59.1659630618615","50.9651497001147","44.9323964889976","50.9893631756053","55.8193702291681","50.119781151168","52.9668797266468","47.045685809319","48.4693240505536","46.5584048269531","43.0697693178245","41.9997130321535","46.8969865776961","46.4193870436385","46.0911754001121","45.3713904175716","44.6049535057872","43.4144543737166","48.5598475784372","50.6108238786369","47.774833761722","51.7536050155325","51.8130753086186","58.1814870308675","59.4590878339949","59.2238360961853","59.6687650093965","56.6627763152552","44.4524768451707","48.8653499465894","52.3676312238238","51.3909576050019","46.1370578044379","44.4379067932131","41.5620111414425","39.256575324469","36.3443525200441","36.8191170851331","33.7201080866002","29.0703992231684","31.0939099832589","34.4365080298552","30.3058678806474","28.4629376385578",
"Italy","ITA","Merchandise trade (% of GDP)","TG.VAL.TOTL.GD.ZS","19.97266398421","20.1609932718009","20.4831268168187","21.0623890286917","20.1093195380385","20.6117305431763","21.7012130664107","21.960381237568","22.3762362369576","23.9592064386216","24.7930896254244","24.8672146318719","26.0503748372637","28.4394468571079","35.7726277307785","32.2118099665808","36.0378830162964","36.1737452479743","35.6527983036975","38.0471096294075","37.3873678813765","39.6879250568542","37.6229323455398","34.3835962766637","36.3925989894793","36.2725778674719","30.626506017026","30.012501659121","29.8109825868102","31.5391556719674","29.7540815707106","28.1919887478885","27.7059246292578","29.728335946689","32.7232083267813","37.3507235233502","35.0292233590336","36.1887774136885","36.4779707950042","36.3505401011762","41.688362785906","41.0147596813975","39.1217834035193","37.7055203808098","39.1151575537823","40.6397967279875","43.880626400656","45.5132970796959","45.6944428204363","37.2038847674344","43.5607351045757","46.9032156621126","47.1849031295775","46.3358325466489","46.2067619895592","47.03022697341","46.0240501694577","48.7405394526129","50.1451993695338","50.14461239253","48.5802455854648","54.2883525992449","64.2974579574038","56.8302796175881","54.1755046319193",
"Jamaica","JAM","Merchandise trade (% of GDP)","TG.VAL.TOTL.GD.ZS","53.786176288757","51.2002309490434","52.0747821860599","51.7716883006918","56.2392741167497","51.7404749423963","50.6036162879755","50.0864836420496","55.7278272807795","57.9228830462375","61.7204658056096","57.8623348409233","54.8757098186367","55.9835339263911","64.8387643571693","65.8289699980376","52.0221748265159","50.0964211520977","65.6828030266281","74.6784344229736","79.6453097567619","82.1408871469219","65.2194445221849","61.1174275422206","77.9839756367789","79.8480546722954","56.6698820832123","59.1419431056591","60.9663269337771","64.7001182503345","67.200787545818","69.5045220291401","77.019678650891","58.8778574217887","63.0162834254419","64.5379958576323","58.8052955949544","53.7378283175128","49.4697078201089","46.5733429581362","51.0379466220947","49.8111535669614","47.8135143551763","51.1015907524196","52.5029578534708","55.7726330425432","63.68722500102","71.4631704606428","79.5366594527613","52.6382743915661","49.5667732846048","55.8130073705047","54.3185856977185","54.5771735382963","52.4633843999266","41.808149216129","40.063092143808","45.1608477816193","48.2455287254734","47.2211491315565","40.1060939082138","46.6803652388921","51.197232817899","44.792416312441","41.5864216615533",
"Jordan","JOR","Merchandise trade (% of GDP)","TG.VAL.TOTL.GD.ZS","","","","","","30.8456839402428","33.4346638297872","29.4453005319149","35.4647989021956","33.0528978365385","34.0880796847636","36.422097853014","40.8380845170455","42.7004556594647","53.6959180710397","64.9267997247075","70.9970696403385","77.7382980880649","69.2488683515654","72.3244659541985","76.1116662374453","88.9153551014773","85.2765325737834","73.4855963282212","71.1875289312458","70.5302572820461","49.4372858736889","53.8763615690733","59.7535449438202","76.5864443619872","88.0750703705045","83.738691954023","84.1675842011965","85.3488836113685","77.0489408578707","81.2474346193819","88.1847259548823","81.9504798240321","71.1552996541766","68.0864787221155","76.7777018353977","79.8144823294624","81.8783338239623","86.5567114418914","105.698476065703","117.562964954737","111.257358038106","113.41615490508","110.037126603911","83.9966749879978","83.2614542817828","91.2337891894932","90.5307311683903","85.5303405875548","84.9850818331039","73.3614607966358","67.3634531785388","67.3156762174057","64.6978167930762","61.7643666390065","57.6104789360792","66.744282792706","82.3213988431547","74.9855989959997","75.3519676819657",
"Japan","JPN","Merchandise trade (% of GDP)","TG.VAL.TOTL.GD.ZS","18.0222211722083","17.5424632358196","16.2368793174037","16.3862829079226","16.7000815326501","17.0745049485692","17.0716930517832","16.6860898355246","16.5451970466124","16.827561031017","17.5851015862145","17.8131225093286","16.2959326714855","17.0810267061305","23.9609029387663","21.3336885922782","22.074228331095","20.6796025660156","17.20075383733","19.6797492103687","24.0607822796288","23.6392498117553","23.29133341284","21.5131499351486","22.727777641871","21.5590567618296","15.9573880083219","14.8142684744142","14.4681340115222","15.5540759574083","16.4144585716388","15.1254126488623","14.3977335463935","13.3100269397409","13.4480341238023","14.0472285093848","15.4375900184684","16.9108445458098","16.3092202270319","15.6947323098703","17.284580016686","17.203076513969","18.0240915331738","18.9121659817974","20.8500472668256","22.9910913572109","26.6379560460766","29.1843382586503","30.2338558032055","21.414150179093","25.4178634806429","26.9296384890184","26.8544885084931","29.7038664141366","30.6802678466938","28.6402218544727","25.0371845121216","27.7929466620361","29.4914920208195","27.8726595023013","25.2624024576207","30.2632101477705","38.5694814811889","35.6752275693452","36.0141993215173",
"Kazakhstan","KAZ","Merchandise trade (% of GDP)","TG.VAL.TOTL.GD.ZS","","","","","","","","","","","","","","","","","","","","","","","","","","","","","","","","","28.9436815920398","30.6032729386095","31.9611603971768","44.4530551770378","48.261598544997","48.7143963507895","43.5865958513521","56.4702936280345","75.7271324697827","68.095570147302","65.9750167292534","69.1970308880015","76.1824919406018","79.1300674973571","76.4494389037475","76.7869005474874","81.7293558182676","62.0985303877426","61.5195078347215","62.9415071501318","63.849958547404","56.4186294297786","54.538159273909","41.5015250671522","44.9306197527631","46.5031822608639","52.1300388256713","52.3297589909479","48.9056832822689","51.6436686363141","60.1016436257724","53.1576330121207","48.5809889436271",
"Kenya","KEN","Merchandise trade (% of GDP)","TG.VAL.TOTL.GD.ZS","38.924989875968","39.0940534323941","36.9768211453809","46.4067496885245","46.8581352720013","51.106335888422","52.0386227412091","46.9754195820082","44.9273657204337","43.3357734472497","46.5871234240212","49.1455398809711","42.424374435291","43.6827190709325","54.8492454982559","47.5862469415894","50.6253716806549","55.0687899215012","51.5485774272709","43.7252002703631","46.3847695461039","44.9048613970588","41.4983606959933","36.8444042896163","41.0728554804544","39.0217872724964","38.8582790136574","33.8610064579683","36.5632643705198","37.7273547848907","37.9708780920943","37.3306040275126","38.7374006521337","54.7308201021795","51.453883016668","53.8340437051212","41.6491454537659","40.6609927894246","36.9306117994631","35.5071051968061","38.0863176752307","39.5502623059122","40.7750781855428","41.1687257793462","44.9633329069652","49.4505906156916","41.5674232589401","40.897178096162","44.9336428589264","34.6303741373447","38.0173244559335","43.8195665950913","39.7487763346172","36.0199143284101","35.8947266506158","31.373160003338","26.4679032852238","27.3463604925433","25.4113261889572","23.405425395813","21.3287621622631","23.9718531382575","24.9692050215491","23.9774770928872","23.5375636182255",
"Kyrgyz Republic","KGZ","Merchandise trade (% of GDP)","TG.VAL.TOTL.GD.ZS","","","","","","","","","","","","","","","","","","","","","","","","","","","","","","","","","31.7447025495751","38.005561842867","39.0062712992545","56.0456106682523","73.4855337552833","74.2704174908834","82.3833453281609","86.1446783193829","78.0469429003775","61.8313473238274","66.82680583493","67.6912206067861","75.0610011372465","72.106588014573","99.5706364054162","108.084779577118","115.331661298173","100.489089961431","103.851151462114","100.681439341569","110.035469742936","110.81066864812","102.154464125243","82.5225144191704","81.7983558116705","81.2547068625387","86.1916144841036","74.4295712507905","68.8231860308281","90.0841100194506","99.3660366273797","104.757032666132","91.7825934202702",
"Cambodia","KHM","Merchandise trade (% of GDP)","TG.VAL.TOTL.GD.ZS","","","","","","","","","","","","","","","","8.67673459243404","1.77135085678979","4.74686793086392","4.56536215613081","22.7982896293909","26.3304915000002","23.3084890728222","22.1832977288604","20.7603336545495","19.3894087435815","12.6964643590125","13.7886107905867","15.6223644726081","9.56173654716272","13.2285137662454","17.8247886184497","22.287385635197","28.41676939588","29.7979941636752","44.2066492553146","59.3396670301711","48.9349557882129","52.2737120651685","63.0042280555191","77.3333091929151","90.0879201419863","86.6929469491692","94.218741014382","92.6943555129044","101.830654430666","99.3306753600695","101.346848279686","94.0667316690692","92.1284699383754","80.1893885578104","86.4239434957937","99.8214763387798","107.637284365019","81.8947303227701","79.5682175446271","90.1913061218958","84.4989431811055","87.0734803923322","91.0791595114444","95.6894069935005","105.778395738396","130.170663025201","130.710364971126","113.039491560833","119.432229955547",
"Kiribati","KIR","Merchandise trade (% of GDP)","TG.VAL.TOTL.GD.ZS","","","","","","","","","","","103.798351181974","121.397190528976","91.4175476363079","105.283514877745","64.9758614162979","96.526280455361","90.2342033209057","98.9294597307347","103.927461003294","113.154346452245","60.3177725261933","51.0385070970294","48.8658351850132","54.8377442305373","84.3166225391206","72.7227765014267","61.5550132213751","67.6717900508316","70.5351074809955","74.3784369357285","82.1146272698564","77.5799109006064","68.3022682539986","52.5837305120953","46.2304759308728","61.2277077290823","52.788682370279","56.1056633943352","52.0654595469527","64.6629948025963","58.7367378259965","70.8391433830587","70.9088258554868","57.2287035399962","58.6054447435544","68.4838671610468","60.5314196121122","57.9479421234338","56.4557124232976","52.0768742012497","46.5373680533996","51.538463927304","55.5551406721511","51.5538374293829","58.4160905489999","66.2979738241168","71.6818732686357","65.5073550828425","55.6710092727657","66.3639156134365","64.2830568290716","64.8531434795157","78.1364412099841","113.301393853747","116.610475390228",
"St. Kitts and Nevis","KNA","Merchandise trade (% of GDP)","TG.VAL.TOTL.GD.ZS","105.121556603774","144.19261682243","95.6813023255814","116.883409090909","134.161826086957","132.412017167382","124.403225806452","107.51186440678","109.58904109589","119.8738170347","98.159509202454","96.8165374677003","95.8820861678005","103.322784810127","95.193199381762","134.875690607735","129.587039390089","80.9056101215249","80.9170600134862","81.5761314282118","100.789872322008","86.5384615384615","70.9119090674244","78.2742155525239","72.0054088570033","62.1580141465368","66.5721978177696","71.7437080116314","68.9085722864435","65.9676798768757","63.5185816570065","62.1200416484735","49.9717025865366","54.9751453365911","50.8200218337872","48.4871398022235","51.206122109466","50.1813323833274","46.1830695712738","44.5159887299286","54.3045523280349","47.967504647967","49.8880249073296","51.0779718789945","43.9928980074965","44.5903414667163","45.0020690606465","44.3938164604233","48.3481524166933","43.1371798674027","38.7816640824907","34.9243615583955","32.9862826651335","34.8751524596829","34.1346714902556","36.7730702263494","38.1399420985061","33.9647632663359","36.1340085595938","35.7447320649503","36.5416766181037","36.1043532273927","36.1717222796676","33.9126956839025","35.5491758649706",
"Korea, Rep.","KOR","Merchandise trade (% of GDP)","TG.VAL.TOTL.GD.ZS","9.46371610845295","14.7080346318917","16.908843537415","16.1439539347409","15.0138503564223","20.247479541109","24.4373067430381","26.9045834390575","31.1328995955688","31.611814402868","31.0401699865315","34.5918146287392","37.7326196104768","53.0370525698683","56.9661139396505","55.2245401064525","54.2950828593975","53.3963569433866","52.4261397415439","51.9888081668821","59.8124928383065","63.8049256830158","57.6867490172722","56.5022509157335","60.0262787369489","59.1899247427362","55.2656766640345","58.0010323709554","54.7539186735489","48.7113868934393","46.1747759991408","45.0034102602005","43.1719291110728","40.9252723183759","41.3957713740329","44.3771114598581","44.3687248907573","47.6542423713029","56.7824265147941","51.0836711278643","55.6914047313242","51.3662927646474","48.3984668844702","51.1510724491557","58.0998914622595","56.1525526072436","57.9676935502751","59.6550002715194","78.5358339385202","69.8447031156957","74.7462746775877","82.5969036741403","79.9386023823032","74.9451954074323","70.5961953507289","62.5811006895775","57.0951906853125","61.5234472799593","62.4947836718703","59.7115180327613","56.1979074626573","64.8449882301012","78.6364345660289","69.1021983041469","70.1388647642219",
"Kuwait","KWT","Merchandise trade (% of GDP)","TG.VAL.TOTL.GD.ZS","","","74.5032771822358","76.8058910162003","75.9291351351351","79.200870894526","75.4851422716628","79.7837802752294","76.9866614090431","78.9397975733064","80.6642769170808","81.4092968164204","85.068368442623","89.9274489121626","96.2331802578856","96.2503644321662","100.310283381514","103.272122447804","96.9132407429121","95.3773446702344","91.4596194042212","91.8747757772975","88.7327428402602","90.4457221334357","85.3406883782212","77.413143471102","73.168049057491","61.5011040326405","66.7171825455065","73.090011939408","59.7684654808562","53.1244627172491","69.6525998514958","72.1929637167762","72.2659785473975","75.679606601018","73.8655031551261","74.0357786177458","70.0478187314235","65.668812665627","70.5034090386593","68.9948514392523","63.9032284728214","66.1415693338567","69.3651258513304","75.087906684977","72.135609983203","73.322895655697","76.1956847737747","69.737578780307","80.2772606282036","82.5718221074425","83.9833168393143","82.9101232033536","81.8516022793309","74.2545598254064","70.4691926857759","73.4027722685909","77.7532377616862","69.6148727199022","61.1046984896183","64.0489180441309","73.3250677168002","73.4476738877986","70.5597729060569",
"Latin America & Caribbean (excluding high income)","LAC","Merchandise trade (% of GDP)","TG.VAL.TOTL.GD.ZS","18.0473668906465","16.829520960695","16.93643900461","15.8727423308961","14.9438906426558","14.5827398513931","14.4862773093974","14.3651709396309","14.5581549993834","14.3413757398015","16.2141398232795","15.5085922664427","15.6609752034276","16.3496211535908","19.3081638604357","19.1077966855156","18.28434874329","19.224135008275","17.9134799295532","20.8932141620458","23.8071013348879","22.552855751474","20.9554145216752","22.9930405169908","23.3377364363354","23.1696889907032","21.7712609468936","21.785998043963","23.2714761865013","22.6474166686332","21.9065146787601","21.65482427","22.6811777887822","20.683507449789","21.1206322974803","22.8439986565491","23.5660556756339","25.0617127331102","25.7666055354659","29.5018430277343","31.3325159424632","31.3833003000136","34.2548308038503","35.7741323461788","37.6791591701719","36.4651261343451","36.8164662038277","36.0084635279805","36.974559009558","30.7745496544001","32.1719348539706","33.6892106565606","34.4817788579223","34.2780901385849","34.0952332253886","35.8810314322335","35.0132948270717","34.8471275423336","39.3845136677187","39.3116211273396","40.8773699464461","47.4730207210905","49.4320879431268","42.1534782134516","42.4956652355838",
"Lao PDR","LAO","Merchandise trade (% of GDP)","TG.VAL.TOTL.GD.ZS","","","","","","","","","","","","","","","","","","","","","","","","","11.7235772439421","10.4366199437017","13.563388687421","25.5685530208452","42.7406600597216","34.7316160052511","30.500489484665","25.9705401863481","35.7330660113577","50.6873028856347","56.0376032876781","51.0338232155045","54.0649720498101","60.9612347810285","72.0993577676328","57.4795370504561","49.9653990343079","46.9292692557541","42.54407534594","39.3906185844807","45.4699482292607","52.4572907822244","56.2079045833253","47.1211941165102","45.8097974930538","43.0764366567445","53.3668284098387","52.5022294131635","52.252332887734","44.6039165373165","52.2092900403935","64.6593249225122","60.4367570080616","61.7415734478113","64.6192918379007","64.4484424434571","60.505309419152","74.201358623405","99.8268435213214","101.10990683755","109.368436915393",
"Lebanon","LBN","Merchandise trade (% of GDP)","TG.VAL.TOTL.GD.ZS","","","","","","","","","","","","","","","","","","","","","","","","","","","","","97.6900817143214","100.073631834299","106.359541217508","91.2925597313018","81.4911524064232","66.3959915249731","66.7039822114124","67.7032036327195","60.4519256220679","51.4859587628866","44.8305198057287","39.58356441292","40.2366929285165","48.0063423159319","40.7158665835411","45.4515606936416","55.8038562716204","55.6813166163463","56.5825009005529","63.7401768754124","72.8323812712732","58.647583622162","61.0785994625157","66.1555255077785","62.6124577506724","58.0075516328274","55.367255752933","45.9589511781584","45.5507837233154","45.1405750551016","44.126283521152","47.4170045706422","48.6879968333622","77.7928647097168","114.231697793029","110.884112574228","81.203948635879",
"Liberia","LBR","Merchandise trade (% of GDP)","TG.VAL.TOTL.GD.ZS","79.7918692085277","83.1879356832203","104.241698972907","94.3916383991178","108.254224769572","104.684272234939","107.993348591484","108.802130682852","100.064771167763","101.31553828522","112.658724226609","110.966961417168","114.915049796522","133.602674947793","141.286155804951","125.530409265495","143.964300875668","135.361909604396","137.331918280119","128.244830683043","132.793346058875","115.296312112787","104.753469365456","102.019140976972","96.0543127620353","84.5769174791239","79.3137022209264","70.9292763157895","64.3359337378407","137.98804527534","374.089490114464","210.057471264368","431.767337807606","529.925187032419","573.373676248109","986.646884272997","743.412797992472","351.470091247043","248.88765294772","223.856948845632","114.073226544622","39.4039735099338","38.1877022653722","37.2994652406417","49.1638795986622","46.4699683877766","55.8534405719392","50.9104151493081","61.1239860950174","39.5927601809955","46.6466466466466","58.8407005838199","52.4786019843718","53.7895323555683","75.6746233009636","61.0459804212216","46.5216243456223","42.6755109279095","49.404649144017","47.475649525477","53.8391688013162","67.2065679689398","68.6570290226533","72.870159453303","62.1639035114947",
"Libya","LBY","Merchandise trade (% of GDP)","TG.VAL.TOTL.GD.ZS","44.317826153057","37.1700639788186","55.3470596757542","68.696719296893","73.9528392704461","61.4965371659484","60.542149696566","60.3229884336995","65.3400745271376","64.8255675731547","63.2599251807888","64.5794761782173","63.1965396079179","67.3437799941864","72.9261744831737","70.5326745018024","66.8483955202672","67.7001910896729","65.4938705930666","70.0376578150363","70.0470102338292","65.8513415214428","60.3611115961387","54.953958320768","58.929080191636","52.0605936194788","52.3564519101302","47.6708457488723","51.5941455780892","51.7158288443678","67.6061302015883","51.7350977396726","44.5804545749921","42.7037763609087","42.5996707534865","53.4700961142322","56.4540689655172","49.2135443776945","42.6842000313922","33.9505426944744","31.7786694214876","32.6247929069767","51.3185068429955","52.7990481856038","57.3118279569892","55.4096780016793","55.9554537948088","61.6980190974546","65.7715318409742","67.9114891375076","99.5863337099808","55.8011440529792","88.1112744785671","103.028346975791","89.6755928340413","73.3227259838518","63.1871161850361","45.0984946808624","58.3352667140519","64.0463829206081","41.7080312210866","130.410601613948","127.925400920962","116.460866363851","98.0960910422535",
"St. Lucia","LCA","Merchandise trade (% of GDP)","TG.VAL.TOTL.GD.ZS","","","","","","","","","","","","","","","","","","","","","106.826086956522","90","89.4545454545455","100.996240601504","66.8041237113402","63.984375","71.1764705882353","68.698224852071","77.9741379310345","78.6986301369863","68.6645367412141","65.992757996379","64.6813186813187","61.3304488912926","57.3066943435392","54.5242718446602","49.8169014084507","48.7637867647059","44.449134655973","44.584170349538","42.6767275615568","44.701244813278","39.2222222222222","47.093023255814","47.0625","48.4344422700587","54.0873313289697","53.2898705613882","57.0343086869898","48.9472806709535","59.1614115389612","54.6427053322628","51.6829039942899","47.8200157927844","45.0495468789701","41.4905452779662","41.4761341269794","39.1292744942513","34.9837723601781","32.4528982241053","37.2847106253891","35.4008807077399","38.9718797280142","40.3264522323572","41.4269876948247",
"Latin America & Caribbean","LCN","Merchandise trade (% of GDP)","TG.VAL.TOTL.GD.ZS","22.7222411655045","21.2344752527954","21.0602172788273","19.7427757518652","19.1237713509937","18.7175088384698","18.3294408620811","18.785396781392","18.6094998641952","18.5448642694439","19.9458458377449","18.9101780688737","18.7817700078417","19.2971118978456","24.88373693467","24.7018965370694","24.3611804657583","25.3899867739765","23.2304850900553","26.2278678959002","29.3132186473626","27.6643750048983","25.6722355492965","26.0540053162852","26.7025393102748","26.0631931703054","24.1919986723561","24.9306740159923","25.9877192260636","25.832021811257","24.820353412181","24.5475434892936","25.348440440077","23.1779473799451","23.2517941487071","25.1088533946453","26.0278935992873","27.366353327752","27.6483944073371","31.1234712804445","33.2839667727239","32.9832220424095","35.8872065084416","37.5714514469895","40.0236458808324","39.8880397367012","40.4576033102263","39.5557562015642","40.3277101838109","32.8298743709456","33.7224901915722","36.6000741138305","36.9299332176954","37.0485026434841","36.6534708616072","37.637227267793","36.1267792781978","35.9161625730092","40.3514064806551","39.9039678596619","41.3326700649494","47.951968299962","50.0385066000327","42.7695912168925","43.0944752175107",
"Least developed countries: UN classification","LDC","Merchandise trade (% of GDP)","TG.VAL.TOTL.GD.ZS","25.8763410346422","23.8287659053663","22.443467539015","21.3954881657149","26.3098269994358","23.8718477009597","23.9010063897633","24.0287049990516","24.253254128033","24.6367769674782","25.5867913370087","25.9108757982906","21.9809078451576","22.709094278407","23.274925518531","19.5809629034134","22.0234343925459","22.8282370148144","21.1908976792887","23.285480818719","27.9792524213674","26.3782227850591","23.7469160111762","22.9157528251708","23.2429836850318","21.351157879643","23.8626238328905","25.2657646781553","25.1172124909533","24.8218696787908","22.9176248717839","20.0320065956181","27.0365041544208","26.6079752978127","28.5746849620397","34.2462988408257","35.7396274676731","35.0104977864236","34.1403618016412","35.3509563043191","35.2446440237075","37.6171210396059","36.8529947425542","38.0997053745117","40.7660233544455","44.1472012926874","45.7178141663534","47.0575839429371","49.714670276335","43.1241612197442","44.951247419065","48.6460493405144","48.8902709408325","47.6309542841282","44.8198265083282","41.5822950159083","38.791949718105","40.4966626640795","42.8327942934052","40.210662305497","36.7432662302126","41.8708826140287","42.3182944700204","40.6685233913089","40.4457482549122",
"Low income","LIC","Merchandise trade (% of GDP)","TG.VAL.TOTL.GD.ZS","27.1634424281746","25.1491366823493","23.7820853121691","21.0387280944444","27.0715108876242","22.4064486473289","24.0318540178098","25.0963209361002","25.7736457404698","24.6735982579923","26.7797825879312","25.1772112274071","24.5733777078897","25.1386968737751","28.5075617276112","25.9756903087111","28.2402498118432","28.1137720122611","25.0161856069109","29.4626303531094","34.3819741288205","32.6613395370838","28.9103417578563","30.4056889211025","30.0723166105896","30.1229188894912","27.2538155804384","27.4705200911147","26.717119011907","27.6729406894731","23.323976946231","19.2153662280051","28.770926741894","26.3486111558216","30.2358905706039","36.5459020034679","43.3371915441905","37.8943496196098","35.021546505705","34.9584809129747","32.7957402489","37.3778134773421","37.5595039050309","37.7373559086545","42.2740430052504","43.9139254189471","43.8923794228627","42.9273912717821","44.9288855624935","39.847447631698","41.2495375777865","42.7664180655439","43.0984484913206","43.7429838003807","40.1152711061532","36.1299387567767","34.4716575497819","38.8327957063297","43.0319024863082","41.2323817440384","41.9360884580202","43.9533294094411","41.7005616526333","47.7502428025303","45.6780599860938",
"Liechtenstein","LIE","Merchandise trade (% of GDP)","TG.VAL.TOTL.GD.ZS","","","","","","","","","","","","","","","","","","","","","","","","","","","","","","","","","","","","","","","","","","","","","","","","","","","","","","","","","","","","","","","","","",
"Sri Lanka","LKA","Merchandise trade (% of GDP)","TG.VAL.TOTL.GD.ZS","56.6008046490836","51.0964363636364","50.8312769010043","54.5671904632891","61.7676119594508","42.3359722909451","43.2208228379513","38.3443620670577","38.9153760029856","37.7503206498504","31.7008196721312","29.4600711743772","27.6436020200695","29.2110410780265","34.8851541794624","36.5310230650563","32.2165678906069","35.5949954679045","66.3694831829368","72.7275659991983","77.0010221413862","66.5104993823893","60.015538402628","55.7865395843784","55.1669376764274","53.1240400307929","47.9609525613738","51.6449220477524","53.5655053112414","53.4257476448146","57.2296385152773","56.0088546912138","60.8058633897898","66.2560427571988","68.1367953526604","68.9425058253416","68.4355953695217","69.4279074260451","68.1567113889582","66.599059823882","70.5656946843125","68.5026580967147","65.3341197368962","62.478267931179","66.4487973977935","62.2024501158277","60.6493473260103","58.8589164395723","55.0304456321041","41.3490879560349","37.7140005395839","45.0236465970713","40.5551860672926","36.6489883841182","37.2162622635941","34.6478971580639","33.514692302829","34.2696012022255","36.1281039975678","35.8173745737083","30.9501656086701","37.4178355759513","42.347883710033","34.3087953100563","31.9452125931388",
"Lower middle income","LMC","Merchandise trade (% of GDP)","TG.VAL.TOTL.GD.ZS","20.0276641259234","19.334187796041","18.7607548130017","18.6560086109815","18.7414072342956","18.2915466070186","21.6419379714602","19.4351073893005","17.7503775517039","17.1497727969891","17.2331828052532","18.282160542193","18.4189366833431","20.6595510161906","27.0241764977644","27.1651949569323","28.4027656466765","30.0704349071894","29.6431648976771","29.9280928798123","33.2264544931943","26.9095795867373","24.1486314078393","23.8525842436268","24.9104117968081","23.2852427976507","21.2469252155669","22.8031599996489","25.7935670505508","28.2480541800817","27.2968159145694","28.7714690865916","30.3020856967186","30.8019605114586","30.7178282544699","31.9113339184212","31.1079399109445","31.5469439645371","30.0601607488743","34.7533752993649","36.4806836005146","35.5465188435271","36.1236369918455","37.3000721265133","40.8235700010566","44.0954000338196","44.9260826697815","45.0119672777323","52.3416145938274","41.2676250599396","43.3227362366277","49.1986160658584","48.2151973229256","46.4362055388501","44.5782593554418","39.5924185946204","37.1050365936951","39.695827648772","42.6251669213558","39.3681899997137","35.7741963394393","42.3600306986319","46.3462155844716","42.4350002297183","43.6462541082896",
"Low & middle income","LMY","Merchandise trade (% of GDP)","TG.VAL.TOTL.GD.ZS","19.2168218686219","18.5749895125396","18.143241943207","17.978214036846","17.8246122973448","17.1268978023813","17.7461930355276","17.495356658764","17.3475807983447","16.8679498045202","17.4404198309127","17.8713371972418","17.6047347785185","19.5762659652057","25.3741085286797","25.064609251848","25.0673380160814","25.6237506305039","25.767788973356","28.0958776849051","32.7273741256752","29.8857271880487","28.0539239792923","27.9207520846607","28.0439478482974","26.4524959999561","24.2932607304886","26.7733189017492","29.2307639252169","30.4862671509234","29.2127638404088","31.5124599713539","32.9247506458612","32.8139679018721","33.6901792060728","35.039308853532","34.3563942945732","35.070517867264","33.9125037520947","37.3027733162647","41.1817277593262","40.5049157000815","42.9068813001721","45.9664471636081","50.3941328022911","51.746660294852","52.6410101621261","51.5095905903847","52.9792326998493","42.422538083638","45.5431641030126","47.4958341568107","46.5311722841235","45.2128305402103","43.572873479898","39.5553752107302","36.9934005893961","38.301102091772","40.23112101618","38.3576941453541","37.052953728754","41.1233271331283","44.0187103889754","40.6898112620974","41.0192956531955",
"Lesotho","LSO","Merchandise trade (% of GDP)","TG.VAL.TOTL.GD.ZS","60.7287692307692","67.2269176470588","59.7229096989967","57.3979821428571","57.7589757412399","58.3090612244898","67.0194271604938","65.8094826364281","61.8429437229437","60.6354838709677","55.2807902240326","56.2236398537477","79.0971061093248","83.3410927467301","88.8291882926829","117.679392405063","155.085969626168","128.287995240928","117.417534512511","128.561022922636","120.961424576019","130.358267716535","160.864051033448","133.437011181192","141.071804018932","136.246919935699","119.175148781563","128.113351680191","138.394092627679","137.865819814755","123.069645950165","124.942255608386","121.295280284179","120.03608562727","116.367651579769","126.460483808453","138.778423277338","133.867164226262","122.24532109257","113.719317455036","115.970882406356","123.893832560808","151.2031987662","137.930982686527","142.135250104838","122.507678504415","123.215885930539","152.663425282252","151.904232532204","148.429402820938","142.208030770792","142.358157137007","144.246551362497","127.666067791017","124.249146082403","123.999511018672","129.680556973006","134.128586532551","133.242194941868","110.971575366368","108.341050170321","114.38023387248","116.773767885092","120.351520187084","125.321366852756",
"Late-demographic dividend","LTE","Merchandise trade (% of GDP)","TG.VAL.TOTL.GD.ZS","17.9095191219365","18.4517933311274","18.8124667800005","18.0847163605351","17.8751668431728","17.0945189790967","16.9031577766732","16.6386222235495","17.4856617435325","17.2349511423579","17.6150280893173","17.8385497587488","18.388003293297","20.4542312755837","29.7239966083695","27.6960835102166","28.2892217860638","27.5905360564127","30.3546536499472","34.3533771046059","38.8778908588296","38.2064617379644","34.4413617207591","36.0313191635725","36.9371230008856","34.4365502140752","31.6253052659617","35.14567604685","","37.9593129489452","39.3398527423276","42.5133608065624","38.5672597447266","40.8680794185331","42.5949164237427","42.2632344795365","41.1150314633243","41.6775335919887","41.0595270607107","45.9267830281297","50.6772843576591","50.2799062848134","52.3477042460024","57.0015251570663","61.7339063879351","62.1247056213963","62.4220121959192","60.8232884167154","59.611801171358","48.8614177485877","51.8285425677276","52.6893401308023","51.4635822635409","50.07729290014","48.4760325989955","44.9785010649921","42.6407840460221","43.2987179516176","44.6057485132233","43.3271633916323","42.7244307453395","46.1327386724209","48.6915431774083","45.9835709213161","46.485098293281",
"Lithuania","LTU","Merchandise trade (% of GDP)","TG.VAL.TOTL.GD.ZS","","","","","","","","","","","","","","","","","","","","","","","","","","","","","","","","","","","","80.2276385496592","93.8885586749256","93.4770439890923","84.195798843506","71.1207753280615","80.2289335537673","89.1951136334516","92.3101095153823","90.1952333505694","95.3649175145074","104.787523344161","111.285647165531","104.598256723551","114.454452234268","92.7018928274563","120.505609228786","138.522448958857","144.174444671303","145.569484972967","138.030980507767","128.899300065737","121.910836837583","130.157477458522","128.707500016948","125.013455986437","115.191868621202","127.084434040261","143.00217525104","114.638601990715","99.5213629454359",
"Luxembourg","LUX","Merchandise trade (% of GDP)","TG.VAL.TOTL.GD.ZS","","","","","","","","","","","","","","","","","","","","","","","","","","","","","","","","","","","","","","","","88.6831286515865","92.5851652334005","103.28446611243","96.6814424391816","99.3080985872588","103.511084248292","110.763139015088","116.813864148016","98.787685755391","98.3120232921136","85.6826181140549","79.7666260671094","80.5980505324992","77.5824786703152","69.2189142103291","66.4997094506502","67.2997067208018","60.5430499068915","58.7973185463255","57.0959330514833","58.2708088204058","47.5140876776633","49.7414188836682","54.9456394741522","48.9746004748433","44.2839468275412",
"Latvia","LVA","Merchandise trade (% of GDP)","TG.VAL.TOTL.GD.ZS","","","","","","","","","","","","","","","","","","","","","","","","","","","","","","","","","","","","55.6862292357283","64.885292227175","69.1867570826683","71.7223829747395","63.8568654649964","65.3245069656273","67.2332414105994","68.4504195036855","72.2763776977461","80.313469852719","84.9822436316759","86.5968550594064","80.3181475645426","77.0084816685724","68.1664334458885","90.4325314514305","110.703267943112","115.57319184075","110.907854870314","107.932688404931","102.506908355203","98.5650936607961","106.015231320558","107.817220784768","104.72664500192","104.188363105713","118.583171799128","141.043391354104","116.948399186955","101.643030370932",
"Macao SAR, China","MAC","Merchandise trade (% of GDP)","TG.VAL.TOTL.GD.ZS","","","","","","","","","","","","","","","","","","","","","","","126.127166497961","131.507731228568","130.945308653754","123.635153079394","125.64412437892","128.823007308207","122.031046329403","115.424467999264","99.8003612903226","93.4068194637999","75.9813293550116","67.2831807004719","61.271948806704","57.3221021018133","55.678690313779","58.2037666016804","60.262635083255","64.760805748796","76.2332804826457","74.6909094208158","72.7783992654509","70.4906857952742","64.8861738141529","57.4832873274136","52.3930905758986","46.5727145531478","37.4613265436821","26.4572561861501","23.0100560504566","23.8704664450928","23.1586570017009","21.8739164471656","22.7614889756278","26.5728460494526","22.6421212371731","21.5857682883146","23.0080720605303","23.1766653928693","51.1905346210216","68.0258526706383","76.2756849149508","42.0720716382535","35.7590058252842",
"St. Martin (French part)","MAF","Merchandise trade (% of GDP)","TG.VAL.TOTL.GD.ZS","","","","","","","","","","","","","","","","","","","","","","","","","","","","","","","","","","","","","","","","","","","","","","","","","","","","110.971376749193","","","148.139147473359","","","","","169.118336422932","","145.562366551284","","","",
"Morocco","MAR","Merchandise trade (% of GDP)","TG.VAL.TOTL.GD.ZS","37.6505517333726","39.196452202394","32.9045360353522","31.348167908469","31.9474512475053","29.9491465817694","31.4976912613355","30.9222987804878","30.628879371791","28.6721848043725","29.623366864792","27.6128388573247","28.0245774255729","32.905350811359","47.0590292307692","45.754783051825","40.4724507696666","40.7338283917124","33.8295549515901","35.4261050529472","30.8166464420422","38.1489163581786","36.0439761135062","34.446245864086","41.0262140016987","40.1233164195328","32.0417870279719","32.3268396790402","32.674200445082","33.5558824425589","37.0676499796171","34.5572302578296","33.582440993887","32.9421701622288","38.8381828658781","43.3099573757738","38.4253849269159","42.293516285343","37.513757112044","37.9562471388306","44.0890792419739","41.4816016111383","41.8737802403918","39.6833579913871","41.9683258563202","46.447008578966","48.3950312498111","54.4578911788877","61.588302552952","46.3991124114551","52.6960059293676","59.888828036373","62.0157258062279","58.0286967060424","58.9293244034174","54.7340884477502","57.4081815703738","58.8507360965101","62.5461616394071","61.9499185227724","58.498448865357","66.1002952825673","86.3177492431792","75.5114692752826","75.2906117739302",
"Monaco","MCO","Merchandise trade (% of GDP)","TG.VAL.TOTL.GD.ZS","","","","","","","","","","","","","","","","","","","","","","","","","","","","","","","","","","","","","","","","","","","","","","","","","","","","","","","","","","","","","","","","","",
"Moldova","MDA","Merchandise trade (% of GDP)","TG.VAL.TOTL.GD.ZS","","","","","","","","","","","","","","","","","","","","","","","","","","","","","","","","","47.8604351224596","46.8417977484898","71.9608607718109","90.4164614493076","110.021568279932","105.954093176217","97.0143649832007","89.6835740037336","96.9397320450415","98.6037710040206","101.214442828998","110.504911111916","105.994437437562","113.206553104749","109.88026145149","114.333152236571","107.187256539843","83.8506317404344","77.3622027134708","88.0400532561118","84.6811643404805","83.3972336949823","81.4393383579989","76.3561697336375","75.9937729262925","76.2633159958112","75.2375941577746","73.4612685200167","68.3650462833776","75.3805035743159","93.292152267474","76.1373324613788","69.3393607376751",
"Madagascar","MDG","Merchandise trade (% of GDP)","TG.VAL.TOTL.GD.ZS","27.7826589437014","25.8881367054954","29.2173441436054","27.6553820900158","28.4118457235506","27.5923798787335","27.1031432510364","26.0341264167777","27.7220526448768","27.7359410085734","28.3309159042426","30.0956818153931","27.6537398963025","24.5604773276319","27.3792833180629","29.2153141296498","25.666360847606","29.0385845312637","31.1264503361","29.8824980868029","19.2432709693444","18.090766487398","15.1515869483215","13.8697526867078","17.9214292142579","17.7775071067727","15.363421547801","19.7018236015896","19.8779919888469","20.7202436510461","24.6735531527724","23.9959709675491","21.4806771929892","20.894352516625","28.2775634256412","29.5719166447951","23.0744538637327","28.3839975429818","27.9647671837731","30.9964895916781","41.4970278192173","37.6218254705897","20.7971234198286","33.8956512570419","52.7569804204103","43.7085184353862","43.6073385717307","45.4331054737611","47.4679219155529","44.2035281822097","37.3946503467825","38.9116186773288","39.8135411410451","41.7191360284329","43.3044673643485","42.7712721521674","44.0557862916666","49.4675536804937","52.114699527858","47.062444597605","40.2024567096319","49.7257630287997","59.8867126908025","51.6888984366633","42.5647907105549",
"Maldives","MDV","Merchandise trade (% of GDP)","TG.VAL.TOTL.GD.ZS","","","","","","","","","","","31.0429848180634","37.0947330566841","31.7748591987913","35.6424897002625","28.118486318984","40.7483390011372","40.1795272972601","62.3387921486935","73.8640050213616","67.4915089762251","87.1334996880848","89.3226855959775","110.620992435263","121.044885945548","64.8380829015544","59.7527691626052","49.3366844076483","79.3071785028791","77.1446906241556","83.3709583284697","100.444574266102","96.9734615691596","89.1616599023548","75.6781951481869","83.4234671612481","88.4736270522348","84.816827013771","86.3793019342465","83.3184598123756","83.6671315841955","79.7645957414519","57.8139869401934","58.4149102943738","59.2137185378391","67.0834829185982","77.9636655580089","73.1335522042954","70.8633975669885","75.6719954656231","48.2668517322369","49.8034126258708","65.2765456162413","64.7225868595408","62.6401885769928","62.0443862319431","51.7253238567185","53.9916321613821","55.6013911013317","61.0434846612823","56.740241191142","57.2105095575226","54.4126262988342","63.395204801373","59.1752733636822","56.9275418269972",
"Middle East, North Africa, Afghanistan & Pakistan","MEA","Merchandise trade (% of GDP)","TG.VAL.TOTL.GD.ZS","38.7263710276789","35.7267881273324","37.7727606262844","40.8805011633796","41.5270084880302","39.5787824058198","39.8286488160699","39.1453092403691","37.4278818210672","37.9580175802622","38.8419737497392","42.372809542134","41.4418857427167","45.9310416836289","61.006861979291","59.4339889400445","57.2469733757011","57.2012503329206","57.1270810721093","58.7355158195785","64.2805604037015","64.6889189305436","56.8465562414002","48.6204736568625","44.8063726132361","39.4645134241926","31.6548249153592","37.8113445664374","41.2803060625134","44.8955772182079","39.3308752825046","48.3387911516909","49.7131625514137","51.2955353287677","49.2029097411115","50.0543889630164","51.6211780910938","50.0461257644548","45.6738338839698","47.1923475139151","51.067193591643","49.0977844349286","51.8382117949892","54.9437861071433","60.9633360028604","65.535332721521","66.1428519301956","67.5484101814837","72.6576282438448","61.1249879015588","63.4071182495716","65.4663795219309","66.6682694196798","67.300476013553","64.1356176230606","57.0110273240512","52.1833239802511","53.9716988942735","57.9473143282125","56.8155345284965","51.4982410338603","57.5405410377683","63.2361299031731","62.402896781981","63.5629030786418",
"Mexico","MEX","Merchandise trade (% of GDP)","TG.VAL.TOTL.GD.ZS","14.9539877300613","13.8771186440678","13.6381578947368","13.1191037735849","12.6842629482072","12.3855311355311","11.5296052631579","10.8923192771084","10.9468664850136","10.8066502463054","10.8755630630631","9.97704081632653","9.76106194690266","10.9696092619392","12.5208333333333","10.7772727272727","10.6271750547046","11.7882578691184","13.7498261874198","15.6602262059974","19.5425505579565","19.6244982075354","22.6416081742178","24.6076315056641","24.855784921666","23.4955688993556","29.2643879523479","32.056513438677","33.0888273300504","32.326105894762","32.2517950327579","30.1504450640571","30.4024834356765","22.527695028752","25.8062302934811","40.5013743525618","43.4977540420724","42.7074602209935","44.2240721077428","44.7485602414197","46.6040994370259","41.6531527638062","41.172190775829","44.4693376477226","47.6216493711417","48.2193299956063","50.3238835862767","50.9878140011099","52.4787727075007","49.947881279194","55.0476440337968","57.8217311999346","59.855052204595","58.0803768620655","59.2516252977788","64.7684482958816","69.3622338984454","70.6808449355994","73.8317173427332","71.1385312962896","72.2927901789132","77.2768946678518","82.0774080850963","67.5342894104302","67.9324153075282",
"Marshall Islands","MHL","Merchandise trade (% of GDP)","TG.VAL.TOTL.GD.ZS","","","","","","","","","","","","","","","","","","","","","","","","","","","","","50.9280217292893","63.1885491359653","75.1822213160711","81.205231071303","77.9680001757025","69.3739254582198","85.1292206049727","81.5104383265408","82.9890490537444","70.0734497159295","65.1378021434798","67.9299280736749","55.7304388336664","56.3697397433625","62.1400424371022","68.6349649389721","78.2543265613243","86.231884057971","76.1173184357542","78.4053156146179","81.8553888130969","83.3333333333333","112.973308504035","104.468949506674","136.690647482014","113.733905579399","102.688172043011","87.0985302123027","65.9068384539148","60.8329433785681","52.7272727272727","52.8123658222413","48.8006617038875","65.4556617877426","73.4374697741832","63.6939482682438","56.875274489745",
"Middle income","MIC","Merchandise trade (% of GDP)","TG.VAL.TOTL.GD.ZS","18.9037182990938","18.3181597062153","17.8962636265556","17.8224970182181","17.5064932181945","16.9331701969162","17.5106417535013","17.2305687595531","17.0466357787633","16.5771129935831","17.1188642116962","17.6101674082796","17.3617688306718","19.3943667881868","25.2733410059267","25.0333161948441","24.9611888670393","25.536679684263","25.7954424450782","28.0501222715198","32.6735587021264","29.804167194351","28.0283814976897","27.8477582344362","27.9870910616428","26.3606174990662","24.2167255574404","26.7549714646264","29.2981457785175","30.5637476014322","29.4141643370766","32.0153068033786","33.0293268876384","32.9801080611705","33.7649984241256","35.0136818836163","34.2251731424469","35.0288587668876","33.8954459463587","37.3405418901675","41.3416194034115","40.5609686678381","43.0116215450045","46.1275632393583","50.5523693023671","51.9030382472394","52.8124868159299","51.6753476562284","53.1355297770893","42.4711218794138","45.6180200705001","47.5717483923319","46.578679332599","45.2320546272421","43.6191537609804","39.6006758998256","37.02300230055","38.2952241191231","40.2006921166741","38.3266000194787","36.9996174955243","41.0942409480963","44.045003052152","40.6121013316382","40.9657187950977",
"North Macedonia","MKD","Merchandise trade (% of GDP)","TG.VAL.TOTL.GD.ZS","","","","","","","","","","","","","","","","","","","","","","","","","","","","","","","","","98.6930114460745","84.0274452460913","72.1989482532468","62.0984564238886","59.7584510461063","77.0766859344894","85.6669790471454","76.7932806342593","90.5679212772375","76.8808577559599","77.4195331103213","74.2575768844857","81.0870097739916","84.1881184537376","89.8381590574603","104.108751328948","109.732503782207","82.7613040492304","93.8114193589696","109.627528970068","108.124345515242","100.936406370706","107.989029713948","108.927202099815","108.203660135004","118.430357912397","125.84494426929","132.15574108214","124.204790480068","139.797165841976","154.186957340666","132.796126056202","120.271249217807",
"Mali","MLI","Merchandise trade (% of GDP)","TG.VAL.TOTL.GD.ZS","","","","","","","","16.3342657153396","13.0900723546781","16.4747618209745","22.2362857401284","23.2782549373352","21.372031824555","29.8039483872015","45.2902468195783","27.5667598096592","25.4464300053931","27.0517786293424","32.5508434216574","31.9037655938977","23.8133730668167","23.2258001420243","28.3877072504565","34.6114137618921","29.6150131568528","26.4685162228021","30.7088156251122","22.6507566692166","26.4728968533393","26.4795399656982","29.5836330784236","27.4844896467363","25.8097816492313","30.6099819804923","34.7921873775254","35.9586109942519","32.1925382472849","38.0686933600505","33.8174993317357","34.0955246999689","38.3635612516725","41.5829996334962","38.7757179751456","39.2285374600587","36.0789577973637","35.6033943060935","41.0374683392206","38.570798031181","47.4242472752805","35.0466775550275","42.6725773535119","37.054792934406","41.4596315388163","39.0291788799323","39.1354903028469","41.8207292126883","41.0719270080286","39.2279767260904","40.7796235643544","43.0181106277349","47.8342433045723","48.4972435947848","55.5324171254087","50.9473322371634","46.867394894881",
"Malta","MLT","Merchandise trade (% of GDP)","TG.VAL.TOTL.GD.ZS","","","","","","","","","","","79.7674630759078","78.2376541992044","82.681978840348","97.5070299861876","131.620538243249","113.986328705792","123.310170308483","128.68404627086","115.538708756514","118.147725677089","113.661941291411","105.266595227714","97.2073617793178","94.0183640805037","100.834354542901","103.686048957964","96.4434094825076","99.5835386328493","102.351911849894","109.644999212145","121.578339781633","122.317632012498","128.096403834142","130.260165984718","133.96674097348","129.508953530542","118.559687196693","110.720194136079","112.26619979379","117.246272215896","145.312765974897","106.930534884824","104.912824374673","101.119993449588","100.882326855282","95.1005243367974","105.232142641951","104.167558311766","96.1203810474137","83.9749690908067","95.0638454490563","109.087806987955","112.887910663587","90.5732784440405","81.8217791222062","76.2115880581919","80.0779469645058","62.5292754044052","61.6635877270793","64.6721356842027","52.1498057101305","51.6568604620007","62.1926682545782","52.4931677891991","53.0322987791661",
"Myanmar","MMR","Merchandise trade (% of GDP)","TG.VAL.TOTL.GD.ZS","89.1582065777961","72.1620366916887","76.2770649756139","84.1404558417936","122.502580171192","128.591742679924","120.094105243372","58.9971854585065","40.1817192154028","51.9363139105977","46.6679748440928","50.0469483367453","38.2052252656487","32.9278870564304","29.8631709146398","34.6807510782404","32.1241843170141","52.3134727912535","59.5461593813497","74.4540613861016","80.3293954395875","75.7875265531716","54.551636366638","47.1925630891123","41.7924513039486","40.0295306159444","37.7793870091565","31.4890464105991","26.7992428932124","20.1147461464905","28.1298139512996","51.4534342171193","49.0140730312232","44.2614964391444","37.9941852203833","41.3296974244662","34.3591167241597","61.4744313624098","57.7602315539553","40.3566333914679","44.8171852593251","80.3823440831804","78.7738194787873","43.2593142678264","42.858410684697","47.4181453126793","48.7983022962568","47.070534373962","34.9563941558678","29.8324009368361","27.0907946287004","30.4398365039224","30.1612688669598","38.6197165599944","42.5933384372753","47.5009009904481","43.5019155900897","50.159689488521","52.9733667271927","48.7376916265102","43.8434424765648","44.4357082307376","55.3996953620466","46.7257527564007","36.9604563568679",
"Middle East, North Africa, Afghanistan & Pakistan (excluding high income)","MNA","Merchandise trade (% of GDP)","TG.VAL.TOTL.GD.ZS","38.8442783552826","35.5331466912576","33.1518935685893","37.5911525241504","38.4244683234413","35.5427408615158","35.5727714297833","34.8384144228433","32.6018425924777","32.8446875922267","32.1466200092816","33.4220696206916","31.4306920906284","34.8259797352205","47.7426757567119","49.9648918139934","45.0856191678266","44.1842944642693","43.829429839729","43.7568761747196","48.1445078750893","48.2627305023493","42.6633061507083","37.2976507038478","33.785601196021","29.803747865376","22.8465031040594","28.6951017956298","33.4483015731131","36.6582793680793","28.7792935228099","39.3616804609111","39.1668829989004","41.75024993303","39.8762713662183","39.6657475838501","40.2702269132154","37.7813973076522","34.7291268862356","36.775420117477","38.8256743436151","37.132088170276","39.8061190645836","40.8566044421423","46.1040053256099","50.3553236325479","50.6622327155518","49.0957845487868","54.2575949976291","44.0498794577014","47.2346355987824","44.5272184380849","44.0073766801107","44.8567168275826","43.8185050452578","37.2609871701255","33.6937058001881","37.5401849763908","42.9888020083106","40.8373605375635","35.3099411947173","40.7668446341191","46.2297372674319","44.6225426237047","45.081515058236",
"Montenegro","MNE","Merchandise trade (% of GDP)","TG.VAL.TOTL.GD.ZS","","","","","","","","","","","","","","","","","","","","","","","","","","","","","","","","","","","","","","","","","","","","","","","88.2362814427122","94.9723932845064","95.7527505315001","65.1999641165073","63.3077205006511","70.3774274794702","68.8879538299734","64.4942774445575","61.3585802614843","59.6376961465097","60.7462680572946","63.156202945282","64.0843109562617","61.5303040699149","59.7641001377166","59.6011226073001","71.1221722095347","63.4583077675044","61.2332502041819",
"Mongolia","MNG","Merchandise trade (% of GDP)","TG.VAL.TOTL.GD.ZS","","","","","","","","","","","","","","","","","","","","","45.2556709852759","50.7770424221195","52.9305350523555","56.4251139010141","78.5711542564744","81.5913804194796","64.0499114661035","60.2858043715385","57.7944207309211","47.0789944150446","61.8950670006485","29.8022084217391","61.2471716550979","99.1668895705022","66.3197952556016","61.1500757005377","65.0209808190012","87.8118355373137","85.8204816796799","91.4499854029635","101.240559809651","91.4039343942937","86.9997510749191","88.8235660181408","94.9265352103037","89.1232538149387","88.7214591740512","94.5926866608829","109.456925262251","88.0046178701323","85.9171773563698","109.665919379788","90.4840766445175","84.4611067166351","90.0665504353853","72.8664222488671","73.9982159532359","91.7876470272261","97.7910712688552","96.7735644513191","96.7101176290079","105.237047810536","123.891377506939","120.230524218789","115.144062342767",
"Northern Mariana Islands","MNP","Merchandise trade (% of GDP)","TG.VAL.TOTL.GD.ZS","","","","","","","","","","","","","","","","","","","","","","","","","","","","","","","","","","","","","","","","","","","114.563862928349","120.90395480226","123.140495867769","122.243166823751","105.959595959596","81.8763326226013","50.1597444089457","43.1446540880503","44.305381727159","48.2853223593964","44.6380697050938","43.9119170984456","53.3653846153846","52.0879120879121","48.2926829268293","40.3846153846154","45.8109146810146","50.6361323155216","49.8845265588915","50.54704595186","50.5474452554745","","",
"Mozambique","MOZ","Merchandise trade (% of GDP)","TG.VAL.TOTL.GD.ZS","","","","","","","","","","","","","","","","","","","","","","","","","","","","","","","","27.523722815774","35.5165340732265","37.7016636134879","39.7551384969313","28.4814100165916","24.2174841162178","19.7182252280783","18.3746764646294","22.306300636674","25.6631391639045","31.2557848693378","39.541105213743","42.5000164691853","44.5871998307079","47.2571199687241","55.206002034529","50.5204849096999","51.5543670110737","48.1983913039912","66.5971793808019","67.8282378315058","75.1672710990776","82.1196651103245","73.2440727017597","72.4721470360021","70.7097834974499","79.1276618816034","91.6739091289532","80.4885833811664","71.891098926298","89.4479860114536","121.640401586055","87.7966166677493","76.5915084163753",
"Mauritania","MRT","Merchandise trade (% of GDP)","TG.VAL.TOTL.GD.ZS","","20.7268946831689","23.7411762512821","27.3506229363762","27.6174500828278","32.1139842794988","34.5172234232364","37.8606523185576","34.3613988415744","39.9915531773587","46.8640946060045","44.9982095559971","43.1486296176619","57.3759667725408","48.9387986513691","47.9116602849874","46.0618108548227","45.5552347508144","37.7813462744925","42.6514966735649","45.8048001197929","47.5805093176493","45.9064500250809","44.542808111284","46.4456844137416","60.2145146246179","48.9622374354181","49.3059710592836","41.9802437136862","45.4280049720201","56.8711796471258","40.4931788591959","38.4420184482597","46.986141830823","39.6940319232305","43.9350065657099","44.1351593954702","41.6023855905375","38.6744853528476","37.4133379783811","45.4616748896232","46.9627807318046","42.9361463006149","41.9277480165435","57.6930967051733","69.9246030926435","64.6498286715292","66.4026458960321","71.6228749371578","60.7051012332383","71.2219989784973","77.1069775888088","85.7583368836161","89.1725958865353","87.7052235627536","89.7538861360919","59.3397371177594","81.0424980093005","70.0470273134772","73.2890729955759","67.4635885462899","77.2780905241023","93.0951140646444","82.8109795068334","82.1412034492693",
"Mauritius","MUS","Merchandise trade (% of GDP)","TG.VAL.TOTL.GD.ZS","67.2467723551979","67.7938773858386","66.7549288676942","63.0319408418583","72.6310727478103","62.1673826236962","61.968737984019","58.7151553298156","67.7714606967928","60.4819746615649","64.6958077835992","59.6570108829905","70.6070860820378","75.4416847686167","92.7012292299745","93.5674200173237","87.5951219840865","90.568970206678","80.171785426307","77.8037899951133","90.6691091072377","77.3038194220446","75.7600964098792","73.0345444923123","79.9381918239704","87.9323346729553","90.2467691223138","98.4694770118352","104.241185577105","104.508054027821","104.565917640736","95.0833404140672","89.574314433472","91.131680302789","90.8750351949727","85.8173799078578","91.2866081967981","89.0956175835858","87.9830494384284","86.3433255022026","77.2305567130045","77.3137029111595","80.7093578169044","72.2831405388595","71.4519393058784","80.5947779348859","83.4441250124822","74.0808491579764","69.4624294950098","61.2228583007984","65.5217937937682","66.0574244675139","67.6367559760491","66.4758198832247","65.7874345269154","61.2717514254152","54.9786445072249","54.6595215987111","53.6652571147121","53.3893781202961","51.9535038919689","61.0477565968697","69.5477050280981","60.8859490117895","61.6621048705101",
"Malawi","MWI","Merchandise trade (% of GDP)","TG.VAL.TOTL.GD.ZS","","","","","","","","","","","","","","","","","","","","","40.7515886658913","35.6430252515581","31.6179389411082","30.3345556101909","33.2759081008394","32.4335695695157","29.4905399035328","33.2227494277696","34.5584914722655","33.2727635142542","36.2428993935173","36.5475211918886","43.1870956220994","28.7383722695808","48.782905428143","43.2708537058182","33.2874062559746","34.0060066902018","37.1328481289815","43.567776448755","35.9042004628467","39.8317273303696","21.8778876495183","28.4166996549215","27.9516997368978","31.7456758152375","34.0134900473402","35.0166856027404","37.6180777988343","36.55983314601","32.3251933866242","33.1469146094847","44.8068957274754","50.2516821908823","47.3905854622471","36.2493550337105","41.4166171148908","37.9044378631207","35.6708310334333","34.3019410281598","29.3050225174452","32.9775463812152","20.0015126999201","30.7325764592645","37.211443428508",
"Malaysia","MYS","Merchandise trade (% of GDP)","TG.VAL.TOTL.GD.ZS","109.433657347426","104.003661284782","103.073230944998","84.8966660593441","80.4659269573715","78.8813816574586","75.0751241816481","72.2187017004712","75.2768861206474","77.1990673916919","79.9141716121397","72.8254392898495","66.0870615189873","71.7613185386957","87.9298689736635","79.6769407128784","82.5231348584654","80.8326739115646","81.3848575885551","89.2271889022919","96.8792156749456","93.2640115946054","91.208587383185","90.1756395150758","89.9569639572596","88.3632178882148","88.3244451099254","95.2077310008016","106.568619884162","122.341027751751","133.357304061941","144.473853941565","136.268951102321","138.696533093488","159.032777894311","170.909660048635","155.415584553781","157.756602139853","182.253787172145","189.529996941123","192.12336665722","174.289847098097","172.364611847719","170.599781741246","185.822026461455","178.319615105836","178.982087426942","166.435916581597","154.135224507857","138.932333904696","142.43485360455","139.471949208485","134.819644822456","134.321039496021","130.973796669146","124.744128014104","118.977533958465","129.59423832409","129.618578045934","121.363646927926","126.127789459766","143.843557910987","158.372401975752","144.676294768626","149.392149694351",
"North America","NAC","Merchandise trade (% of GDP)","TG.VAL.TOTL.GD.ZS","8.22037703158082","8.00608972711094","7.92398319555028","7.95515806771669","8.37390358510693","8.40896876816473","8.82904140357292","8.80691833714405","9.3713772802248","9.48294173324172","10.0496320783904","10.0230418789477","10.7200059889641","12.5579560511693","16.3329196990373","15.3237433179822","15.8665160817635","16.0940134989155","16.5930851726426","18.2334773370719","19.5734865590015","18.6386917637042","16.4257853035554","15.5264781158429","16.8100499503122","15.7939162658286","15.8429413258999","16.4429726116787","17.6137800140433","17.6955082910329","17.7128532494181","17.4623756285007","17.7959505056874","18.1867759848266","19.3526980065028","20.815687996172","20.9560861030884","21.7008129566608","21.1089564548688","21.4743342069185","23.3054187547413","21.1591286428406","20.3017787187776","20.6088631207487","22.1786484879494","23.3359143676178","24.3863947861476","24.9575131217021","26.5379041695646","20.8610934152818","24.2239007263845","26.807986065963","26.6189471964556","25.9077136828616","25.7487071092823","23.5670575824127","22.2693562843277","22.8079694911217","23.3577270971327","22.1491153599528","20.4397995756756","22.5159654263083","23.8337372762157","21.4713026365886","21.1870976243724",
"Namibia","NAM","Merchandise trade (% of GDP)","TG.VAL.TOTL.GD.ZS","","","","","","","","","","","","","","","","","","","","","107.969051686181","103.648655895196","93.1698896324557","76.9130091052594","81.1783139713083","81.3312785976009","102.982312087329","95.8232448820333","93.2629914483183","93.9200181047818","80.5757335874756","78.8155831351663","76.5121270542503","78.9249758070049","74.1851188201404","76.0334095376866","77.4097184757184","74.392478374035","74.3588511550251","73.5158839329282","73.1726190441639","76.6302649964894","75.8994058757765","65.8081780291254","63.8957236820755","64.1109228487606","69.122124206297","72.8771244679037","86.9132679380304","90.9065769681208","83.9441325925854","87.835856282961","89.2880857921309","101.71624553057","105.625611465162","103.783262657978","100.326256358811","93.1125024622309","115.311928099933","87.2274161937643","84.1478797900093","87.0309375086312","108.389793906509","103.366532981527","115.357396384344",
"New Caledonia","NCL","Merchandise trade (% of GDP)","TG.VAL.TOTL.GD.ZS","","","","","","88.975501477495","88.3034275851884","85.5380831433042","95.5884702598276","99.1984908877678","117.609128790326","104.834519069357","78.7278841934976","76.3424375264166","88.0133257707996","82.5320778394059","73.0289521798347","72.4672176269139","60.7561645269481","69.6124993484828","73.9134583426099","77.218556357627","69.9756899359106","55.7134918302128","65.0699657168724","72.4128299449601","54.023838960904","57.1872821089363","51.5251167240134","65.9471535073685","52.6598684544599","49.2504905828534","45.3506474960104","43.1217178403837","40.87235983925","41.9463953685652","42.4178926749098","44.7262620145132","36.7516301749272","40.4078943943007","44.6779439972798","41.6649623257697","40.1063433306061","47.3211101746787","45.275588383018","45.9556062107569","49.7051549537107","55.7034709004958","49.991068438501","40.9790954696763","51.3116229160067","51.7898558494521","47.3229952182811","43.5901199780946","46.2433807219835","44.7231537963572","42.6955190480646","44.3860735990622","47.8355655348","49.009802920396","45.6284406981818","45.8230540497047","61.7562420403846","54.3649188479592","41.0929129275716",
"Niger","NER","Merchandise trade (% of GDP)","TG.VAL.TOTL.GD.ZS","5.78385888464695","6.99897770285871","8.65089972457069","7.33419334858771","9.09377298356308","9.3557384444936","11.3912069906833","12.1697111788288","10.9167883585181","11.5040234832434","13.8479301895485","13.4088128649087","16.1555312200843","15.6384540698898","14.6179295542142","18.3085400969613","24.4242086448234","27.7206063616859","33.0822466015332","43.0953219095842","46.2423188585337","44.4517447795422","39.5517034284337","34.5516139766137","37.4338749898097","43.5935025935112","35.9750580254862","27.8996102440192","29.6444915994024","27.8495668249015","19.0755123660057","20.1473196667336","23.9794515291619","21.6859066081446","28.5337151935049","28.7508881876747","32.1321942241201","28.2056790048392","30.4536244907683","27.464843397066","30.2441857638067","27.9330213067341","26.8493247080896","28.6969853956441","30.5283120856268","34.5628745963031","31.6418354313851","32.8187194593192","35.7103694268342","44.3952897805133","46.1840669291134","46.0962349206057","40.7768708982603","40.3524829962656","38.7187872526548","36.9377197951309","30.7148994342161","32.7667933845572","31.7589961990878","31.4750961018619","30.7392261435831","31.9745170705913","32.1954608005371","25.4749042892094","22.5949434932045",
"Nigeria","NGA","Merchandise trade (% of GDP)","TG.VAL.TOTL.GD.ZS","25.4040912648239","24.8249055476519","21.1227476677532","21.2754002158653","23.6271605872668","25.8573540668716","23.7791680372928","25.0420991766668","21.7458268102288","23.921074575842","18.3244268705016","36.2566262505542","30.0217948834132","35.1120833197297","48.2036982248521","49.9479198445004","51.7201255443634","63.6429596546077","62.3058635897151","58.2988814317673","66.3969045824609","23.5427576678342","19.7843566324816","23.287523087128","28.8768931758801","29.0524936376145","16.7664575355958","21.4082144113037","23.3481513069001","32.2409387952594","35.5745665665487","35.6981864847331","38.7278219908217","30.7046494544363","19.9354193251077","14.5926997897463","12.1633399070556","12.3016933463931","8.72920595691906","37.947367935874","42.9310059300575","40.282585750237","26.8499843007496","33.3056600049661","38.8871243363936","40.5423629082709","35.7505613280438","36.4535654823438","40.1279881768683","30.7272152994775","34.9423292856474","41.4991143112012","35.7134375825485","28.177304182021","28.1094677845022","19.2516963708397","17.0107868037786","20.1575144413897","24.5540341880582","17.6271289827131","11.923750720079","16.2113387686553","19.0781282725055","21.4634013400335","37.4939725126432",
"Nicaragua","NIC","Merchandise trade (% of GDP)","TG.VAL.TOTL.GD.ZS","59.4129153326561","56.9335577629805","67.9580418482308","73.3206469768047","75.4782385839088","54.7590758010513","53.3649560907957","54.1741476972341","50.0822688142742","44.7999998270778","48.5505516140072","47.9138784040237","53.1545552250503","55.3573055002037","61.982384175796","56.398585189026","58.46807124048","62.8199406973474","58.3728914972165","59.1349841045452","62.3979851766839","60.896264667923","48.1564498521902","45.5849759782552","39.5817311595434","47.1736792670867","38.2562894978038","28.5625250924621","39.4541777445339","91.3949795344891","95.8932826129194","68.7128671735427","60.1294065149487","57.5591422856877","31.114222149839","34.8028122411224","37.6013853221326","46.1733995588318","44.548980437577","49.5672772671068","52.5091357434334","50.4507679491629","52.9698401110978","57.9268644056513","66.0459927074936","72.9277568500433","78.8920530109642","83.1831880744865","85.4657843200493","76.1564835986856","91.8297210679493","107.301479651384","108.849043328172","104.543497083552","101.612408248392","93.276501662227","79.8504096712326","93.414332992542","94.931203663645","95.3537875653439","90.0803038781406","117.256500277334","119.011888539624","102.741559249739","96.4253905939139",
"Netherlands","NLD","Merchandise trade (% of GDP)","TG.VAL.TOTL.GD.ZS","75.0057648143307","75.6309844864548","73.5632713497037","74.5794512159831","74.6736049023801","71.596220457919","69.9675181044371","67.1828598886576","68.1050171833887","71.4838137990095","75.9872524280985","75.3504379254822","72.6832076879393","77.9688951558562","87.4103435617017","80.4655023134527","84.9606889043158","80.9825647481372","76.1770151563748","83.846379669536","77.7729958470291","82.7044005075125","81.938588594805","82.2118410161551","88.7926986260892","92.6393825294792","77.4780153236031","75.1466086676476","77.2741582760352","82.1712831567525","80.8888976344137","79.1213389387488","75.6498573799157","75.2717334645476","81.9677760806241","85.7463596863334","88.6013119026933","95.4627712492561","93.3890327956458","94.8551541861286","108.080396468598","101.608369430062","97.4329752406027","96.2708981997399","102.398747262716","111.925051833333","119.369328603947","122.246240077684","127.242197237134","107.064051258317","127.941912275006","138.14595526194","146.898088414408","142.68350066083","139.977915698166","139.54957474549","134.401838035251","144.619488061657","147.590557155277","144.716293512879","136.154545204029","151.489258414365","177.748254473905","156.650885398065","142.828417035734",
"Norway","NOR","Merchandise trade (% of GDP)","TG.VAL.TOTL.GD.ZS","45.0802435138691","44.9230972901401","43.1630390578645","44.1764219266873","45.4449447964796","45.0323529343304","45.3281594232804","46.8395144482813","45.4088238905742","46.2097107093713","48.0641550311373","45.4635382955771","44.1049117713926","48.8767018656487","54.1596030030789","51.5149958975612","53.0628689724096","52.4308182632779","48.1031919290491","51.2908878457782","55.0424265502908","53.2528009961289","52.7876782291473","51.1056467485217","52.8070897319965","54.3300139757682","48.7882561452591","46.8312039081771","44.8045958041453","49.4807105481517","51.1537333719183","48.9684033657053","46.7883804804616","46.4914293880882","48.9391601373988","49.3061837452162","52.1403761548614","52.2141538367182","50.4907287637613","49.0326289200711","55.086050007554","52.8847231392193","48.2531052428004","47.2462359160024","49.4068914051215","51.3735497890124","53.7506056620811","53.8071839915193","56.3663381176026","47.8761078520743","48.251006966048","50.102466212317","48.4149737586831","46.7344559732197","46.6653339241406","46.4600233436831","43.2719144682264","45.3777583280847","47.3843541499549","46.0235583775863","44.856096189355","51.2289234032643","59.7438207883554","57.2951969518858","55.3569209403213",
"Nepal","NPL","Merchandise trade (% of GDP)","TG.VAL.TOTL.GD.ZS","10.8196491303808","4.88758956051294","5.22565145803266","23.5437153379549","28.4217593386072","22.4408251060483","13.8948324245236","13.1833045489742","13.596960934143","17.625235036008","13.5107778284672","15.0662893235046","13.9635019398784","17.1792720562033","16.4209875242422","17.2611914460345","17.9654445841408","18.0121527777778","19.4494011980782","19.608372632868","21.6864383403896","22.4118359571673","20.1634471418213","22.7609404620853","21.0754084531066","23.397714978749","21.1170124793626","24.4145299386196","24.9210659766468","21.0199302075749","24.1484618356927","25.3475981615657","33.6644743390276","34.8083468995116","37.3022803002931","38.1267936580358","39.4331151848236","42.673947374988","35.4182386278649","40.2094516366698","43.2633943629311","36.7900740792801","32.8382214986407","38.1646041797449","37.2562961458708","38.6949572051468","36.8211500357752","38.6417548400925","36.1007705067565","40.5056856310813","37.4250364276887","31.023637618149","32.147479936159","33.6157887960856","37.3004767810505","30.2658353196536","39.2715584900984","38.268525840339","40.7652619543364","38.9280104647062","32.0395679799268","47.6021002022019","36.4981231203161","32.0650774756611","31.7656587056882",
"Nauru","NRU","Merchandise trade (% of GDP)","TG.VAL.TOTL.GD.ZS","","","","","","","","","","","","","","","","","","","","","","","","","","","","","","","","","","","","","","","","","","","","","","","","","","","","","","","137.166955555556","120.1931","70.7388","53.03796","42.7495384615385","94.2792354285714","56.9431833333333","72.4099417021277","85.9729919047619","71.31744","59.6597717741936",
"New Zealand","NZL","Merchandise trade (% of GDP)","TG.VAL.TOTL.GD.ZS","29.4973082785674","29.6050597771336","25.2887642126451","27.0607449666639","27.7219010243472","36.0832332050663","36.6881767497229","32.3802264266764","36.4380920340658","38.0781525835524","37.9949192455214","34.2428665207878","34.6491615853659","37.2746049342463","43.6339426310584","41.3388812785388","44.4621426525351","42.4488518826312","39.0113209249859","44.6620588519521","46.8626031719671","46.507404528096","46.9819428536982","44.2094547027495","54.098649276056","47.4558229186097","39.0234583196728","35.8402840804562","35.8413961247273","40.2092680429041","41.5319183732447","42.109863493359","45.5848200676581","43.1378561040497","43.5634396247241","43.1829785111601","41.4679977448294","43.4989596908839","43.7155205661543","45.593889197997","51.6900485651582","50.1889408912922","44.1707984110193","39.7571081369116","41.9026148590506","41.7965009175325","43.7811732866678","42.1498971463468","48.6738598616737","41.5137039394982","42.2179083058565","44.3802358689095","42.7949114328484","41.40360250542","41.7530105619065","39.7864112138014","36.9301790098915","37.8241956954066","39.3734233485869","38.4401701735448","35.4547049224152","37.2599301536731","39.8064219499241","35.7985108574288","34.2661270397896",
"OECD members","OED","Merchandise trade (% of GDP)","TG.VAL.TOTL.GD.ZS","16.3667835628084","16.1978290314387","15.9272010954682","16.1748154409107","16.6680562470391","16.7770273386908","16.9532828487045","16.7192498684507","17.4918528052539","18.2263827583832","19.2654341042607","19.3320514306694","19.7821352966543","22.4272917556455","27.7755665460447","25.6538255473646","26.7661489539278","26.9209417936461","26.3475993975889","28.6795997577425","30.6337636906658","29.4321209123563","28.1008827363555","26.786642616418","27.8622462291683","27.2165425570864","25.5517449220915","26.0263724878156","26.3645811786323","27.1860319562276","27.8959967340213","26.7436707145411","26.3503910117055","25.3328681232521","26.8969518989749","28.9206914378012","29.9247376087795","31.2353844826898","31.5400110244209","32.2593193253795","34.8630912203734","33.8590109051451","33.5742664302115","34.6218466977059","37.0431713293044","38.9047859441515","41.7033500905297","43.3459739988718","45.7545984613868","37.4995201096527","41.8545193921373","45.6258929061202","45.1402145260497","45.1565009831838","44.67025001155","41.9913611863031","40.6200987172203","42.5841368356183","43.8834140133557","42.253239334898","40.0228484826577","44.2038299475739","48.8657057364817","43.9469925312452","42.1364448670706",
"Oman","OMN","Merchandise trade (% of GDP)","TG.VAL.TOTL.GD.ZS","49.7347594936709","59.1657791411043","24.8786268656716","23.367308411215","16.1622624434389","17.3830663716814","17.7095702479339","33.5971855670103","60.8852668360864","64.166718","62.8121601123595","62.1240607513989","58.8742670454545","73.488772136954","73.8797537379068","86.2784709028543","72.6109465113649","73.4722778335152","74.5538431533182","75.4281814656844","91.6118290499008","97.9319787049025","96.4827356295418","86.6178870257267","83.3763804194427","83.3129663275259","73.8240912240737","73.4971889690747","66.8954876725074","67.1882700632701","62.4029270389621","63.4601880372853","65.7801268886607","67.4259357409167","64.9599770236833","66.4472887580229","69.382508107785","71.0706644752966","70.6422921056897","67.5105444309945","73.9008389026499","76.5883686065986","75.7320238591902","74.675502886405","78.0085687839658","77.9088182297618","76.6223894545877","84.2995261556686","87.180399330847","82.2067315133125","87.0456302521008","91.7590543597178","92.4094148241378","99.8798914992308","86.3233935044385","77.4150500755015","70.7612040018001","73.3878604926438","73.7996518303774","70.668173387597","81.6577712147791","86.5583065284727","95.2511032614872","92.0991465937202","99.3865820863946",
"Other small states","OSS","Merchandise trade (% of GDP)","TG.VAL.TOTL.GD.ZS","67.4234350651229","63.9267485189393","63.1728841908479","62.4325499719714","61.2843678507544","60.6062057377715","59.1424765713731","56.8004541698913","65.2015173826909","68.9145101338151","71.7088268507523","86.9803729411412","68.5327103347438","74.7941154776883","65.9223486495754","69.571748396958","69.8071692274652","69.6682586375438","69.2827589971963","69.2322187520566","62.5601356003884","62.9518614815695","62.1842078194241","63.7493807724083","63.7108338639604","63.4765568307421","64.564036536203","63.4155431027413","65.413649021013","68.386900830833","67.8493192575843","68.5000872922483","68.6250610726284","63.6307226936267","69.2824868553621","69.4139938554788","74.1659904702985","75.8252493744834","76.4168210112745","72.865028629777","81.0239829898082","78.8901209173344","76.4315893020215","73.7144217457734","70.7082199319383","73.0528783333093","78.429694588626","74.9669083755948","77.3930048374645","66.1974768658281","73.5256693491728","81.7894122665576","82.6731248146296","77.9795556995031","77.466527770088","72.3305436958326","71.4328665384455","72.2114087687234","75.32675651036","72.4531549983339","70.3979492458147","79.6961799289576","87.5802443952215","75.8277404155292","72.1624640454154",
"Pakistan","PAK","Merchandise trade (% of GDP)","TG.VAL.TOTL.GD.ZS","32.7264142489078","24.7168510681691","28.7924092570037","30.0594231815708","29.5679738562091","25.601969187179","23.6240558187172","24.0069318629382","10.2586432003342","12.0348496940676","12.2064208079412","10.3132444724459","24.715835970223","34.260580513246","38.1944791264671","29.0812444348506","26.5566414040686","25.1155941982531","30.8395998502841","35.3507939358182","33.6850016440415","30.2982789112712","25.5874740482294","29.2974776816956","27.0000228679235","27.7091730081308","27.4553458288309","29.9656424078438","28.8827860684731","29.50379289453","32.404055527062","32.8041414902998","34.1538550528527","31.244933800626","31.0822742251749","32.0815637617757","33.8786203059845","32.535500820117","28.6242806917692","29.585292798138","19.9950138425281","19.9998726695216","21.5944513648289","22.2190751842019","23.6945517533376","28.5162246328323","28.884042632824","27.3855554178144","30.9845887817546","26.2579171096041","30.1037638338201","30.094986308871","27.457052104359","26.9731488073609","26.6483191931989","22.0883474163906","21.4335363237073","23.3825783628437","23.4474573501479","22.9538253776137","22.5733085941267","28.9248736721725","27.1231347344353","23.3445758417771","23.8902494741312",
"Panama","PAN","Merchandise trade (% of GDP)","TG.VAL.TOTL.GD.ZS","26.2497926545633","26.7100125653915","30.6691596604249","30.437841431298","30.1492969995652","31.672100386951","32.9445659230454","31.9032800825696","32.1713572295824","32.9155918948057","34.4928047713171","33.6632462708604","33.6438426957335","33.4414362595252","47.2054294377993","48.3717823987567","41.9611870611173","40.6097020887593","36.9233583884107","40.1398107128539","39.2277006343011","35.7688478419446","33.7101948243013","29.2382067937674","27.4768500260965","26.4158905890501","23.2132757812775","24.3714348446459","17.9237476340399","22.0327220390649","29.2043773305023","29.0189988219248","31.4087780720772","31.2094887229904","31.8943680739063","32.7560165496013","36.999171194682","37.0320501421408","37.9507065343551","37.2018680082155","35.4155437700002","31.6251499216442","29.9042612018029","29.0367388922794","30.0525753943479","100.156962265832","100.800003831159","101.715516644465","99.349458334468","88.4955893998177","91.7071590671884","101.875326879681","102.100134738046","80.3416497055506","72.6484605457574","60.7016886330075","53.7642876781666","51.3418103503978","51.2296610247838","47.0198829751778","42.4519193034614","50.0872505852233","58.2209792675618","60.8778044798563","46.0774106964919",
"Peru","PER","Merchandise trade (% of GDP)","TG.VAL.TOTL.GD.ZS","31.5709268780679","33.3005194584072","32.7921541796604","30.5146428471205","28.6195662311098","27.0578697353233","26.0760728663257","25.4910124345473","26.359447375885","23.0341189708438","22.483178454402","19.9768796963341","18.9348320997572","19.3826266936081","21.8927941007468","22.6859793755197","21.0575791288006","25.0053043275165","24.9442102585056","33.2894312339998","35.6787649983221","29.6329283118353","28.4429093041357","30.2618688285853","28.5675319319774","31.4747849188011","22.5165789545264","15.3538765231688","37.6309754345133","24.431590484577","22.3927048412038","18.0714475040909","20.9696285606646","21.8649032950592","22.3920104687611","24.5250700547966","25.0215311269413","26.4551253994384","25.1831177346143","25.7256191900341","27.7709337482833","27.5647823061794","27.761371262799","29.805368582293","34.3124829446991","39.2713147410359","44.1951588687812","47.5536198790715","50.4178329208237","40.6718964782947","44.7529722530135","49.2519471767195","45.9133091411467","42.8710162621699","40.3204899563365","37.6543094310872","37.9211666687253","39.4956619120364","41.007289409203","38.856821519612","37.6049425484611","48.8400134587905","50.3483684632714","43.8682054035882","44.3182101329605",
"Philippines","PHL","Merchandise trade (% of GDP)","TG.VAL.TOTL.GD.ZS","17.815578297169","20.511077240844","23.5740853601338","24.3414049672174","25.7820432979456","24.4271069638727","24.8295389980312","25.8903901448174","24.8819922013975","22.1379453763735","30.1225718137385","28.9310820235351","27.7685402187332","32.2892988400208","39.6978896916375","35.8513405139903","33.5224265854833","33.1955461570595","33.1687194916957","35.8123322790636","38.0806806154529","34.8968228771809","31.3723083512229","34.0738332663414","32.7622143362643","28.7916820804938","29.6199682210954","34.0394106029173","36.505730725613","39.0363365856448","41.8169005610552","41.8332677385311","41.7858773975124","48.0636173717238","49.1324846774227","54.1595647212164","57.6176478678646","67.4811230989675","81.7667126412439","80.7378116556618","89.7635830769189","84.9847325133733","90.5021966908744","90.5420740348652","90.2959940676334","84.4740450197942","79.5030735976813","69.5356557419344","60.2880799890211","47.9125540352149","52.7746720429303","47.9905939512492","45.0285416968604","43.1263755308938","43.9708339008384","43.5891008935715","44.6440504581247","51.9406409217987","52.6484838760047","48.6283492243701","42.7448542856625","50.4926116069019","55.5941948053511","47.4385838038984","45.0299210049475",
"Palau","PLW","Merchandise trade (% of GDP)","TG.VAL.TOTL.GD.ZS","","","","","","","","","","","","","","","","","","","","","","","","","","","","","","","","","","","49.9347550606048","54.5371162260316","55.2748980687242","65.3409406871087","49.6379115586573","63.1039516249268","92.9445814031743","73.3789701064206","71.9297426022998","62.1090736349357","67.9234553574884","61.7925003585736","66.6283222763517","63.2502360749232","69.6282776847087","50.5649831486384","60.0928385460514","67.9271358134263","70.0316220011679","78.5326492327086","71.6638361912085","54.3445080058569","52.7476236739851","64.3508154338316","62.5003576299151","69.847928933451","59.612858715367","68.2967220872845","88.177340949623","73.3558896024244","43.1166263772197",
"Papua New Guinea","PNG","Merchandise trade (% of GDP)","TG.VAL.TOTL.GD.ZS","42.517","42.0696573650503","40.5844090909091","44.5703778409091","47.8199273661042","52.8799134396355","52.6864915496992","55.463973006092","53.5878962170138","58.2298280088696","62.8903329475481","66.3183302772507","64.511476716557","67.0474793921504","79.8681944634647","76.1460454501592","69.6500784790655","80.755918367347","76.1854370338185","81.3947223818007","86.6915181780926","84.0208025814894","81.9430012577178","75.4385165927655","78.427912350006","79.2295202660979","79.7962050305174","73.9856759270461","76.363899435349","82.7300915388909","73.6086775892335","81.1639671621921","77.9354771489462","78.0774095457254","75.4890331446757","88.5666327667199","82.8272035557125","78.474820611334","79.4839766261725","88.0922158537414","92.2092236898868","93.3455825630272","92.6150950195187","101.062890228054","107.762410969004","102.7971644362","73.609401345383","76.5110304283163","75.6583078168475","62.4900143281547","65.0209719046633","62.1624363352841","52.0446687883644","53.43501883716","55.120835033672","50.6549676963399","49.4342734600739","57.2095683139768","58.2460710450374","60.8994697015122","53.1187609352454","58.2548512151944","64.7422980760359","59.1893261148116","56.8608694481105",
"Poland","POL","Merchandise trade (% of GDP)","TG.VAL.TOTL.GD.ZS","","","","","","","","","","","","","","","","","","","","","","","","","","","","","","","39.2405025970095","37.6487106813373","35.0233548295104","35.7339356332234","36.0276988172606","36.3662388915674","38.2898086344011","42.5657091156675","42.9507217946866","42.9057349326568","46.7038755356414","44.927829289257","48.2897714978644","55.8351553174643","64.285270964507","62.2397570211408","68.7397018285315","71.1764555459338","70.8090890946274","64.8599526188462","70.6473087711997","75.6453731430015","77.1725468350591","79.6231290785386","81.8262391224341","82.406750548751","85.2223628768331","88.6098388976892","89.5581996484621","88.25142244533","88.3724075955887","99.0624623093321","106.630395885008","92.5093108495849","82.7419064067618",
"Pre-demographic dividend","PRE","Merchandise trade (% of GDP)","TG.VAL.TOTL.GD.ZS","30.5216327949574","29.4929867670123","26.9036946813852","25.8001288453177","30.5487797156047","29.3647920934961","29.5080650931399","30.1202310735284","30.2827559250019","30.2669619518492","28.6748370132899","34.5531915449594","29.8019897833985","32.7921303433886","43.505352933852","43.8342454126697","43.6716759943392","46.0493220551867","43.2737106354511","47.4541269317449","53.7843491819875","34.020855363582","31.4599007563061","29.8104550210914","31.7976742139764","31.2542698842434","28.6395224564628","28.7219893541656","29.3870309654437","32.4095130644637","20.6472471851768","28.0562215789572","36.2613396948222","32.2125391707096","30.3343892492428","25.6362791468796","24.3786225731284","24.0993770220809","21.5304093017746","41.7505400181574","43.9248568066078","44.2749368234235","38.1628361433139","41.0853224004163","47.5649565151435","49.5632285531948","46.5574994170405","46.9765180490545","51.8917548961122","45.2019473897107","46.9963678883857","52.0489874037812","50.1121488933587","45.4331139056303","42.837910609912","36.8087998982063","34.0284564902929","37.0266041625308","40.7861853641455","34.1510068794875","29.7599021879684","34.235990138981","37.9457545237396","40.798613516092","47.2025177937832",
"Puerto Rico (US)","PRI","Merchandise trade (% of GDP)","TG.VAL.TOTL.GD.ZS","","","","","","","","","","","","","","","","","","","","","","","","","","","","","","","","","","","","","","","","","","","","","","","","","","","","","","","","","","","","","","","","","",
"Korea, Dem. People's Rep.","PRK","Merchandise trade (% of GDP)","TG.VAL.TOTL.GD.ZS","","","","","","","","","","","","","","","","","","","","","","","","","","","","","","","","","","","","","","","","","","","","","","","","","","","","","","","","","","","","","","","","","",
"Portugal","PRT","Merchandise trade (% of GDP)","TG.VAL.TOTL.GD.ZS","26.0545336049995","27.5903051324667","25.3135935613072","26.3695802162235","29.2603454930848","30.2139380539785","30.5394228662349","28.504281415549","26.7431458868094","28.1987578829034","30.8575143994131","30.9945953501732","31.1590290451451","32.1856753663897","38.6754716470917","29.8641570929375","29.6613876956784","31.3159947761987","32.574615639358","37.6105916777915","42.4026616636603","43.6184733784903","44.9951203194526","47.1334971275121","52.1889767337214","49.1853317697751","43.5942884533887","48.3303983425907","51.2092420542079","52.5975369085492","52.951284418431","47.5078897890249","44.5488105113364","41.7220329563608","45.1907051902363","46.8947330012324","48.7808499169876","50.4287705304436","51.0124027576675","50.6117555995454","54.2261248767476","52.2992203821768","49.0105143524023","47.7872224201049","47.9110693167923","52.0440975431733","55.2960161951534","55.9722064164109","57.5336247450651","47.3597333204401","53.3270168236944","58.0674232682464","60.2757010709299","61.1185742081934","61.814088717727","61.2750728293391","59.7783583581727","63.7920366425218","65.0250393747563","65.2189023324436","60.7054022292303","67.7309189758031","76.9264373694536","67.4950172923249","64.4910893879744",
"Paraguay","PRY","Merchandise trade (% of GDP)","TG.VAL.TOTL.GD.ZS","22.8465113751434","22.0460119225535","20.2385143460658","20.3175390721905","21.7950711342611","25.0232591426322","23.1814929644646","23.9508996890958","22.9884705016558","23.7284750260368","23.3766233766234","22.1195184866724","21.8454266813899","24.7104123982557","27.3720835696673","25.2742347943436","23.6026701670957","28.0571445912933","25.001395167141","24.1748235829729","20.7954551537222","15.9302599588818","18.4890915011397","14.3656666460138","20.4554715818972","24.554835188885","21.8045467440117","23.8728109587308","25.471818869589","37.1185246621081","39.7617767311719","31.4559610057906","29.046763066963","33.2986937702906","54.1863772193671","56.9733512941203","55.0243606995424","58.252569360129","55.8826229449","44.3472768186036","50.3630137827999","53.4263584773413","55.5983196105325","62.5766486653335","62.0399678439892","63.9627462600997","61.1790669391837","59.2672879705592","62.7252980184758","53.7683682516553","60.6656722535063","59.6304586516325","56.6183116473054","56.0970662638642","54.0022739659112","51.4975266450078","50.5601318029073","52.7090077589828","55.626477573394","54.0852129570349","52.8756656278699","60.3415693688021","61.5213568548516","64.9287199648589","63.1830608503994",
"West Bank and Gaza","PSE","Merchandise trade (% of GDP)","TG.VAL.TOTL.GD.ZS","","","","","","","","","","","","","","","","","","","","","","","","","","","","","","","","","","","","","","","","","","","","","","","","","","","","","","","","","","","","","","","","","",
"Pacific island small states","PSS","Merchandise trade (% of GDP)","TG.VAL.TOTL.GD.ZS","77.4514573991031","70.9475780409042","74.8536885245902","88.061673151751","102.118974820144","91.7838184931507","80.3431913116124","80.3920962556234","84.5992500662486","84.9192521161056","80.2464659406024","75.5739676805123","73.538904295975","73.6441223419948","74.4479194379879","67.7822963963649","62.0998641256771","72.8172069203507","72.6046116264706","80.047337398409","84.2702797997567","80.1754432928287","71.4445304859986","70.4478149880464","71.0798680386107","70.0665306886609","62.8083112220005","67.2744631073043","75.7321362311126","83.3965922407065","83.8763144578638","74.7899823768977","69.6274366660881","70.9968057031271","67.2613132385488","67.4850956512424","68.8391454701236","65.0922744515458","62.1989077039236","65.5090581298845","67.8550319606088","69.1012113322441","66.6195646400282","69.2768968933195","69.7338018839664","69.1087197363729","71.5767366980827","69.1915971948443","77.8173523745158","63.2408297017944","72.0371329866308","75.8862980877046","76.752255092764","79.1948325265975","80.4178011302824","62.454249167617","63.1009271445728","61.1535324247081","62.855790728244","64.0009747536613","55.6460004882066","62.6619163189998","71.0040082330163","70.2762089481357","67.7457833580756",
"Post-demographic dividend","PST","Merchandise trade (% of GDP)","TG.VAL.TOTL.GD.ZS","16.62718240884","16.4387319086851","16.1627807908965","16.4386467444804","16.9231242895731","17.0460601251654","17.2405905309341","17.0435206268007","17.8364015785201","18.6182251193301","19.7108929057663","19.762672565568","20.2519470848834","23.0287873976888","28.6220976905199","26.4601666269748","27.6600992818226","27.7849594135494","27.1332742538089","29.6777160804106","31.9100750197532","30.8357093528222","29.3092107815328","27.9319943015052","29.0684750408678","28.3509140395529","26.4533001785125","26.9616559883499","27.5021341054741","28.4018884262531","28.9881624352413","27.9798085460039","27.6987453066994","26.9473118642348","28.6451146142528","30.6735515841594","31.6663753157644","33.0077813634846","32.8706643808781","33.4795975919453","36.3778879977653","35.198938023834","34.8755309386343","36.0374166868341","38.6061366765831","40.6670009427893","43.6451587772776","45.2827744609034","47.9197062438774","39.1544720873586","44.0497032420489","48.0256893982748","47.6736424467099","47.8278625738782","47.0688549488803","43.9462893838284","42.2984867362514","44.3829248388478","45.5502885297943","43.6908377624299","41.3569027191435","45.8371173469376","50.0873049658275","45.13744582355","43.6426544614773",
"French Polynesia","PYF","Merchandise trade (% of GDP)","TG.VAL.TOTL.GD.ZS","","","","","","66.275963854105","85.3197005604669","57.4701284819407","71.6514297930081","50.6289967205023","60.2276840867965","52.8859004262441","52.384320107232","53.3329699813993","57.4422004254134","45.05134914555","43.425483750403","43.2427591964476","43.7562846966712","41.5626754920812","43.6983487852548","46.5683924512967","44.3402302351997","44.3084060952971","43.0775817903787","40.6688969344284","35.2165476433982","34.0555555338264","32.421559738598","32.1779593061379","31.3539151654477","30.5271522976376","26.872847898015","27.90152950575","29.6779995154618","28.6124109260664","30.5563549190743","30.8010470568881","32.4094165092082","30.1411032807413","33.1125323714236","35.0326543873902","37.1966998195817","35.3303066619462","30.5349823336099","34.0049477944966","32.1708174544387","31.0654714502204","33.1243611086454","28.3238450839358","30.8708666627729","31.6573014618481","32.3914625647039","32.3616701925046","31.4532035390944","31.1124258461764","30.270856069846","30.6856124473584","38.7930709333574","37.1122135087894","31.7498927027819","35.1463580966318","41.3858969249143","41.4830413238833","38.743040681188",
"Qatar","QAT","Merchandise trade (% of GDP)","TG.VAL.TOTL.GD.ZS","","","","","","","","","","","100.731862779208","109.362033463711","105.43592754978","103.667334625628","95.1943419529826","88.2690101190845","92.1664883088768","91.1386617800493","88.252705720146","91.9054501674644","90.7248699250767","83.1749291617505","82.7727478964207","74.4172980106584","84.6459569039188","74.0741167366151","58.341325821461","57.7626217853695","57.5835094377903","61.8534891598916","72.4956717022931","71.6203703703704","76.5875237750157","71.7659860042462","69.7001059583473","85.4641831809356","81.330424591534","78.0859844233488","82.2875929186599","78.3821240939017","83.5928595736782","83.4109649122807","77.6193178593723","77.6712933238388","77.7996744926934","80.4459963847468","82.9323634657124","82.1067440513937","82.5947381090273","74.5707864916036","79.435594873812","81.5233354401983","87.6443387043175","82.4691077444568","78.5744773252267","68.3696752177982","58.8991879486878","60.455926916905","63.5999100908083","57.8965656892921","53.5545849202333","64.0887034277198","69.7651605744643","59.4463586105236","59.3568326998867",
"Romania","ROU","Merchandise trade (% of GDP)","TG.VAL.TOTL.GD.ZS","","","","","","","","","","","","","","","","","","","","","","","","","","","","49.3858714944977","47.0753792298716","45.6565625","32.8384193962","35.3302450201915","42.8315531082067","43.2985490971162","44.0929935003776","48.5918280293275","52.8466327704453","55.4065534409669","48.2563210304882","52.6657509650549","63.2419733137471","66.745691761066","68.8823482614934","72.0422157816688","75.0183495933398","69.2767553021158","68.5260120252326","63.4645583381941","62.3322768004973","54.5004363325445","65.6739637430093","72.4286776367212","71.4883394742591","73.4020152132406","73.8390182126012","73.3164144134169","74.5282714366456","74.3511509143861","73.3719148097496","69.3436911605259","64.9775435864424","71.417576656003","77.5997008174504","66.8674776240682","61.8795456732678",
"Russian Federation","RUS","Merchandise trade (% of GDP)","TG.VAL.TOTL.GD.ZS","","","","","","","","","","","","","","","","","","","","","","","","","","","","","","","","","17.9834234613361","18.4865572852895","29.824796217765","36.6645678915293","40.2775018202532","39.2360186534638","48.8858895362567","58.7462033509263","57.7162673479005","50.7654758120191","48.7066197313143","49.2622913619237","47.4756473717004","48.3277853887866","47.2590002423905","44.4631417525407","45.9685036318153","40.5015875796453","42.5770137816773","41.3428121171807","39.1570223298132","37.6495644655323","39.0767165906466","39.1965518125492","37.062034668011","37.5636666480774","41.8003965835433","39.7844800218834","38.4185426987324","43.4732546158393","37.9028366935907","35.1355533902401","33.7291343600887",
"Rwanda","RWA","Merchandise trade (% of GDP)","TG.VAL.TOTL.GD.ZS","15.1260473695367","13.9344244020427","13.5999991296001","12.5","18.4615393136095","21.505379234594","26.5005530929289","21.3085962424497","21.4866411918726","20.1377808950827","24.5566159738986","24.6689312356083","21.9104413008085","23.0441566821376","30.4741232318276","24.6562335135378","29.1648571135159","28.7952619667883","28.7067897151736","27.9443891631719","25.1042895642348","25.9405671758037","26.7899689459293","27.0327333641023","26.6471282292366","25.0054450872928","27.6647834797186","21.5997470973192","19.9541414856997","17.5050330594112","15.6067067298179","20.8725648985111","17.4467864009069","20.1874110802004","36.7551263260996","22.4191812838904","23.004555895758","20.7932972649283","17.3424042651247","14.5101664757083","12.7124578313837","18.6616427578685","15.9206229803966","15.0591332029349","16.0740850911778","20.3148130253661","22.2303583678221","23.289477002459","27.8386221315217","27.1919334312568","28.2133658132627","36.3548495201964","37.7673448073183","38.4272867292342","38.754862586572","35.2889117846477","34.3290006352572","36.5941941651402","38.9918782850068","41.8868897806894","46.99054662831","46.0248938670415","49.3911120391151","53.6990573936171","64.7574493364153",
"South Asia","SAS","Merchandise trade (% of GDP)","TG.VAL.TOTL.GD.ZS","11.5230290931222","10.7647111310342","10.2423086304052","9.7628479953506","9.48939202556977","8.72564430792285","13.0121545698411","9.86062988557941","9.22940955725512","8.0520003408949","7.62298093060179","7.50300408717724","7.95391538351377","8.70921193846847","10.2215509062023","11.394506573041","11.869373419419","11.9923404066536","12.0951969691901","13.2531480194697","14.4500478136276","13.9509092001243","13.619038131507","12.1854330710504","13.5511024995398","12.3559406347544","11.4560730419714","11.5466481988938","12.4543938173754","13.7490458289818","14.4426052708254","15.8024936687895","16.9472735344624","18.1713496864545","18.3754969314807","20.8388806401103","20.5518563502501","20.9916666029697","20.7336244660102","20.6370225838401","22.761750445255","21.8023366992603","22.5924568501295","23.628193968143","26.6889701777757","30.8896533570649","33.3224693072441","32.4952218459077","43.4032533269302","32.1887921551359","35.0024928636719","42.466179280138","42.9922724800811","41.9507846719446","38.7476054734259","32.1850448592827","27.9507826318737","28.7897539260911","31.3801487780832","28.8962922046627","24.4741625299406","30.9053018674716","34.754515803679","30.0297680567367","29.422024044791",
"Saudi Arabia","SAU","Merchandise trade (% of GDP)","TG.VAL.TOTL.GD.ZS","64.3547001871156","63.3586448599395","63.5969138266646","65.2353200397566","66.6579893820495","71.8290000968075","76.8004564932392","72.3974182180864","59.6258964121926","62.1519883726936","56.979915695512","64.8312481992741","68.5721942555422","73.3236146126633","84.5903942536721","72.4474565319395","73.4013145082765","78.343164766883","76.1924181147868","78.5716269951428","84.6294439810662","84.1846301873535","78.1263082707382","65.84882183702","59.5536756508001","49.1858125308914","45.1887432457611","50.5065232090387","52.3034817968105","51.9547757411116","58.2214562170138","58.1410690340404","61.2585285375365","53.0902342534114","48.7901230665903","54.5062767780634","55.7617643148415","53.9057686305174","46.898164634235","48.7097630594338","56.8931419300643","53.9200033018786","55.2440712101735","62.5320501335139","67.0060951289469","73.1201017086038","74.5834174642275","77.7813954017989","82.4545283849381","67.0863274702834","67.7775348878067","72.9122346989866","72.347195894606","70.6752774213395","65.5866084834326","54.5454493013125","46.9691925635968","48.0736922915315","48.6640119255806","46.6611096744465","40.6081792697244","43.6598146149544","48.5088394957788","43.2434505432751","43.4185378039162",
"Sudan","SDN","Merchandise trade (% of GDP)","TG.VAL.TOTL.GD.ZS","32.4051503403876","33.3643963344293","35.384648547027","37.8172581273114","33.9268099977244","27.8532353308853","28.629328608048","26.5644808956584","29.2650118981513","27.3342141294886","27.901709204704","28.7981675879769","27.2647928895443","28.2719551217919","25.0572650713094","27.4720137355603","25.5104975864935","23.2297464993617","21.0611282496143","19.5286334622049","23.6712169619518","20.5507065750955","20.3835257156886","24.0335726035591","16.9990943829656","14.1791107242152","12.8217831592715","11.3699007717751","10.9166389646935","9.37495134242992","2.95173580032434","2.70538303785218","16.2117574252007","15.3361014115446","13.5221803660107","12.8340802371132","24.0400056085015","18.6111400534346","22.3195604797463","20.5485318911234","27.4122378806581","23.2687440538349","24.2320609188634","25.3988489566759","29.4715824630135","32.9167347984958","30.3354786907623","29.7004685165305","32.4263461551225","34.7687659576486","36.3770635659823","35.3135332035379","35.3307689431937","34.1855564766226","27.3866931462389","24.5095581558141","26.7532240391218","32.0562989601165","35.0345671483977","40.2806856072692","50.4575734562314","43.5910369574123","29.9069759713721","27.43225348545","16.1961053789607",
"Senegal","SEN","Merchandise trade (% of GDP)","TG.VAL.TOTL.GD.ZS","28.3951545698125","27.1016719334041","26.3478930142009","26.1108271799424","26.0738505827853","24.2137108098376","24.861493692134","24.388663531525","25.8900197992471","25.6176559095616","26.6685647094565","25.6802843021908","30.6010936385617","29.8379532349039","42.3469402328808","36.8853970074731","39.062256562556","47.2422753559803","36.7033454930979","35.8884662786122","33.901625004311","38.4775697125479","38.3661840955234","46.0307109319749","46.3392637062269","36.3451170404476","29.4134368409455","25.1258097742938","26.0344470939188","30.0657895434486","26.7894566901072","25.8297124235549","21.9696270255104","24.3485796697588","36.0108896612355","38.0156456797247","36.952840897149","37.0770154398692","37.244789939279","39.3002407371991","40.5608674668683","41.9955987092803","43.1747973060194","41.6024157423031","43.1485472431303","46.1075899952054","45.0080081825584","46.769314347258","51.6079586626956","41.6824924526906","43.0672039376843","47.4394602169164","50.767599733645","48.6979322961687","47.0014693102503","46.1721953389446","42.6358552209813","46.2837657101546","50.5868018047537","52.6534015992011","47.8628391584428","54.1445328365174","63.97720711662","56.0197237718848","55.5107552438087",
"Singapore","SGP","Merchandise trade (% of GDP)","TG.VAL.TOTL.GD.ZS","350.336153703532","310.738613235357","294.708840390622","276.043797080812","228.48430732135","228.185858694195","221.629263496603","208.313844164754","205.582343964806","216.158411430146","209.052069123875","203.155295170204","205.185416089517","237.540401708415","271.759168913758","239.790235783432","247.444397936468","282.719037252648","308.560008507204","342.866175997578","364.677736803043","342.421279652082","304.359810130307","281.099216984602","267.031423135172","256.293770128332","258.280819314939","292.773884235831","327.809246467025","309.60075748061","314.37566755518","275.499374226536","260.19483088947","262.765633018154","270.726629535322","276.469622471042","266.22056606853","257.103738441752","246.858070961541","261.615762588674","283.470866259862","264.774432872177","261.100333307383","303.257464358542","323.588953422516","336.204704386456","343.488071738593","310.853161973556","339.822898061485","265.576227849693","276.328585214819","277.521017955254","267.07387126031","254.657412068429","251.947842963956","210.609436298676","192.030903028331","204.080133304298","207.845854834952","199.38989114604","198.290864658414","197.801201560268","194.763310803984","178.003494966387","176.172365043508",
"Solomon Islands","SLB","Merchandise trade (% of GDP)","TG.VAL.TOTL.GD.ZS","","","","","","","","67.4508849557522","64.0928571428571","62.9229571984436","","49.9431818181818","68.9541176470588","57.8953846153846","62.6927118644068","65.6657596491228","64.9812970588235","70.85705","72.0542680412371","92.5457709923664","89.1430802188398","81.0320319270426","66.8733281523296","75.0467390939996","94.7290583249545","92.4331987506652","93.4832376682224","93.4708711490311","101.986242098872","109.322862497984","74.9263533819621","86.1385216980956","79.5436733158136","88.4466229289253","69.7552598996833","68.5918975860926","61.3020600417149","59.822923468045","53.761109728742","48.3582264929799","38.347697812324","33.4547347065301","36.0847483516803","40.2234663901143","46.5811845065738","52.0907418040442","54.7583501424858","66.0155037384253","69.2999333065469","53.7516084412431","69.9231751511047","83.3726363785304","83.1914723004303","79.632572966565","71.7293102611266","66.212567037957","64.5892609442764","72.9355633164764","72.4245975485549","64.9105786342045","54.161609191372","57.5622815088396","64.9770838673915","75.5581593571001","78.6633690163451",
"Sierra Leone","SLE","Merchandise trade (% of GDP)","TG.VAL.TOTL.GD.ZS","48.7562556281542","52.7705788390967","41.4330687162478","47.3393453461728","52.1719307288148","54.5383934553954","48.7376353467562","45.8721773555028","56.3876041806878","53.3411418923879","49.9526975848667","50.2920628454881","50.2813456445264","49.7191801271335","56.4300462832796","44.6023538798473","42.3603494737351","45.8239768610922","46.7353758396534","46.5126797751276","59.14494158373","42.8764742299954","31.5741882206295","28.0372618730345","26.6673566587287","32.7929896907216","56.3056795131846","40.4480286578854","24.8321476412228","34.4060879938013","44.1780354928547","39.4880914035674","43.3861291965924","34.466259531837","29.0616762591232","20.0978410789587","27.3969861440128","12.9376336895993","15.1702596813361","12.9969731821705","25.4770497447215","12.5485147751747","16.1852133577218","18.4353903277387","18.9956810249241","19.7621057929947","18.996858817929","18.9927897271366","18.037972248254","18.9962920884399","26.0626453246064","42.5165792858116","44.385347134108","49.2751812584475","40.5925534898015","30.080934323619","27.809292368436","32.4878236444628","29.856750089709","32.7580988975919","38.4103141485567","34.8824319732919","42.4792414416164","50.655775906345","51.4120583231536",
"El Salvador","SLV","Merchandise trade (% of GDP)","TG.VAL.TOTL.GD.ZS","","","","","","44.433304470674","44.1087873310956","44.1507887727925","42.2872719965861","39.0699447303221","39.1024962044981","40.2151552962601","43.1266419776533","50.5435686948805","61.529041707686","60.7710729268267","63.4803346899714","64.6238130898474","59.9751914986125","65.2492772126802","54.0856655946252","51.873615042848","45.7756233685263","46.3730380654195","46.2628746111693","43.1537088270859","44.8078184711721","40.0450141329845","38.5691236980534","37.9441515608804","38.2975368325388","40.058317599401","45.6015467576776","47.5579636820624","49.4310481153176","55.8286206382013","52.2827938347779","60.2149979681963","58.6467366999895","58.5331858350222","66.9329519942664","64.2457025316015","64.5915751913488","67.0648768947243","70.1940454421853","68.7712613961083","71.0567385150773","75.4537305097947","80.3863258184155","63.5793750802483","70.0078924886925","75.2966163111609","72.9303778379933","73.9531152800969","70.0025272788996","67.4197380008055","63.0223182341846","65.3824243300123","66.7503175338238","65.127446231819","58.9578587539359","72.3475491975041","76.0053617620517","65.4163149104654","63.3989123697581",
"San Marino","SMR","Merchandise trade (% of GDP)","TG.VAL.TOTL.GD.ZS","","","","","","","","","","","","","","","","","","","","","","","","","","","","","","","","","","","","","","","","","","","","","","","","","","","","","","","","","","","","","","","","","",
"Somalia, Fed. Rep.","SOM","Merchandise trade (% of GDP)","TG.VAL.TOTL.GD.ZS","","","","","","","","","","","","","","","","","","","","","","","","","","","","","","43.9323854912142","52.7498741551386","36.0736829746183","50.3314843898061","32.7743194163124","30.3131551877578","27.1704403463556","26.5032312288199","20.4402966408998","12.9640051906339","13.1658802879457","9.96250158297451","12.7838215642412","16.6918706723794","13.8892592712826","12.3847261394333","12.2991605426974","16.7305142278576","12.9817190740415","17.6541601978137","34.8640676672891","52.905584293131","67.2746020230231","48.3885361912902","48.9247072260092","47.2383236552528","46.0977124237816","40.6275231976974","39.9396354658762","40.4166137431729","43.6691312384473","46.5693092257765","45.7766529579247","47.8878761148682","45.7017703960577","42.8177488092254",
"Serbia","SRB","Merchandise trade (% of GDP)","TG.VAL.TOTL.GD.ZS","","","","","","","","","","","","","","","","","","","","","","","","","","","","","","","","","","","","","","","","","","","","","","","58.8622927369932","62.3529271771264","65.10989028829","51.9465203565131","60.9371935018891","61.7372134116134","66.8554630749617","69.679181401684","72.1703956727259","75.6754467640761","80.8018929441931","84.7000195711335","85.453909915231","86.0675088745656","81.8466290913855","89.7235550396714","105.083235444601","87.004573940816","81.945428073662",
"Sub-Saharan Africa (excluding high income)","SSA","Merchandise trade (% of GDP)","TG.VAL.TOTL.GD.ZS","33.542643265398","32.3957202410099","30.0647155694136","29.2293264613846","33.7275300516163","32.885979069489","31.0355439248405","32.432178154615","31.9098861868656","31.4229264436151","30.5719972540724","33.6842564913222","31.232925077111","33.0911299982783","40.3449618053968","38.9322343590372","39.072244098909","41.6104530127967","40.6281371319181","42.1368161508973","49.5154522597629","34.1115669247784","30.5542911973069","31.0626690172713","33.7257158159155","33.7759341183955","33.6135869978427","34.4266868084077","34.955874277267","36.8183678035133","34.3951476580059","31.6138604403879","35.8784528034177","34.4738789760676","34.7837524098512","32.83233766534","31.3992331234953","31.2912937276077","27.8167458553718","40.0041593069544","41.9181953927738","43.5295520878713","40.8522336547469","40.6202686307228","43.1399450211691","44.9845381835031","45.3361689620525","47.2865879516034","52.4842132943477","43.3583253821832","46.1691932262974","51.8512086394861","50.3705037301463","47.2405321078255","45.6657003330895","40.6110306898179","39.3871605829355","39.5101503215514","42.3657681182693","35.9898655959529","33.0907236969205","38.2362622622618","41.6315725858379","43.9781858434062","48.0138977740022",
"South Sudan","SSD","Merchandise trade (% of GDP)","TG.VAL.TOTL.GD.ZS","","","","","","","","","","","","","","","","","","","","","","","","","","","","","","","","","","","","","","","","","","","","","","","","","","","","","","","","","","","","","36.0389148557338","38.0171091149511","40.1541133330218","27.8720795744327","31.9249706974981",
"Sub-Saharan Africa","SSF","Merchandise trade (% of GDP)","TG.VAL.TOTL.GD.ZS","32.3617750231622","31.2681453522247","29.1119463038003","28.413236238235","32.6366337598236","31.8910604104519","30.1143203703172","31.3016039600709","30.8527589337821","30.4223847159227","29.6639787041911","32.6166281747811","30.3263558844893","32.2361448736623","39.3641593209409","38.0853928369541","38.2494615585108","40.6488695275827","39.7647792672157","41.36370884182","48.7339656583874","33.7605333542688","30.2375455342176","30.6410572537435","33.2571513231987","33.1036186532574","32.9353263948298","33.663882873818","34.2267017997182","35.9221397087682","33.6396977859151","30.715826559461","35.1111160713645","33.921784874536","34.5195515167899","32.6421735126352","31.2897288562915","31.150105261148","27.8479547231349","39.794549440208","41.5768410679188","43.3047951540123","40.6748482400512","40.6309977092547","43.0801096992351","44.9838737601361","45.3329943037294","47.1520523049644","52.2258273671407","43.0364454981096","46.0346657615641","51.6180886649144","50.0471963355091","46.8844796557966","45.3632374232124","40.325799365953","38.9375669861451","38.8987718787338","41.4626523924392","35.2675075788415","32.2864012876382","37.2667957632588","40.4289506642043","42.1745412650169","45.7429050022134",
"Small states","SST","Merchandise trade (% of GDP)","TG.VAL.TOTL.GD.ZS","84.7280012237527","86.0128232071412","82.2826340692154","82.8313451236425","85.8549884890168","83.2086630059327","82.1362284429133","78.8372670992627","83.7839631361874","88.5838993318672","90.1035503628912","103.716522493375","94.2278167479416","98.8262814893285","126.587016068633","130.671184288243","138.843296786778","126.646247134962","113.30404069886","108.561442003425","113.597998419165","113.991052016854","100.547193950928","90.0857821999618","82.7934739519821","75.5207509464591","78.8655400831129","74.3912912051568","71.7069926921505","79.138213199542","67.0880500515731","67.7595553142536","65.464212079192","63.6154149971799","65.8765949299562","68.6269653168801","72.0344698917387","72.0770128556564","70.0337166495902","67.1883901683564","74.0797778048775","71.6387818076295","68.893920805643","68.716285869393","68.2667736254254","72.2462532767057","77.376938732977","73.4937864007245","77.2863405630845","64.7068214653397","69.6770080698358","79.1815684668338","77.8420066115017","78.7711807164045","74.8153989660935","67.1373394467073","65.5618686529168","66.4745763927751","70.3953652310618","66.9598884314428","64.5762155628052","73.7018542413251","80.5137841793622","73.366016233635","70.0929591404592",
"Sao Tome and Principe","STP","Merchandise trade (% of GDP)","TG.VAL.TOTL.GD.ZS","","","","","","","","","","","45.6844014058177","40.2265071911155","36.2054236592526","41.0631831283689","46.6985900304722","29.9492311389187","32.6675424299135","75.1914959933721","70.8516845536517","71.47644529146","42.8594707213642","29.9403838451534","33.6206602175491","19.9706327363492","26.8494832038687","19.339304232215","22.4275383335427","15.5235410640204","18.1816777990224","24.3542651675326","20.9559373094197","34.4236824755766","35.8416211215579","29.4252777017176","28.932890746626","32.7883913046135","19.2324526753641","22.8458848426975","30.4349133166385","51.7449617598188","43.3079989123639","40.815717450588","42.2678714274198","47.0192862454404","40.1458222228921","41.7733406356333","55.3317754577402","57.6612649063359","66.4818771853439","55.3152291484135","64.7296222008359","64.0303809604775","63.3261370831377","61.7880917469203","63.7965838493647","58.8462346358352","52.3493440951921","50.3101144602064","42.7397951839278","38.985308538526","32.2560461442093","35.6596346987979","40.3099428406441","30.1249836315188","22.1369551823417",
"Suriname","SUR","Merchandise trade (% of GDP)","TG.VAL.TOTL.GD.ZS","98.3442047165078","88.2079851439183","83.5126990959966","83.3664152441445","95.9821428571429","97.9565358417126","92.9866036249015","95.151789759855","89.4965817277812","92.8172539957635","94.2160785740269","94.0199335548173","101.298284981568","99.2782442185889","121.751860436745","115.789473684211","112.759643916914","110.366328916602","102.107409925221","109.26517571885","128.050314465409","117.210348706412","103.060109289617","94.9632144878325","81.25","71.9358533791523","74.2985409652076","61.2244897959184","65.5469422911283","181.533357906377","243.048403707518","193.706761883508","230.598121601582","198.477157360406","114.617432459081","153.559079176794","120.505313439058","131.905259209486","80.7489760093622","94.4385405596883","97.2910489580927","103.562432885823","87.8769601930036","105.321786547397","108.888088726359","114.140076525822","83.3085706355815","81.828991440268","86.2447411837492","72.0439932318105","78.3816210122572","92.8254912814835","94.1566265060241","89.199693775396","78.1398172776686","71.7875419356154","81.1172134703435","91.0994442254306","92.7631512787443","96.2639676496627","127.961755880485","118.149637751634","122.349300685481","115.4147379107","71.6133359685319",
"Slovak Republic","SVK","Merchandise trade (% of GDP)","TG.VAL.TOTL.GD.ZS","","","","","","","","","","","","","","","","","","","","","","","","","","","","","","","","","","70.4087613346748","65.1062708553792","66.2719070775765","70.7679551522185","76.7113830674623","79.4029728316435","70.5955135797114","84.1738452639493","89.0269245006001","87.8711274794741","95.1601555265945","100.684298999841","106.040579655305","123.062570078377","138.012594928565","144.025501129008","125.379737848744","145.504177307234","160.396000228474","166.972828071857","169.079760941056","164.95027705354","165.940130365946","167.952127971953","171.946461903596","174.771668166551","169.599458517762","158.756955092237","172.417075221342","190.730055116634","172.945472615215","162.204915677357",
"Slovenia","SVN","Merchandise trade (% of GDP)","TG.VAL.TOTL.GD.ZS","","","","","","","","","","","","","","","","","","","","","","","","","","","","","","","","","89.8141423227746","87.2845149673482","86.1667014719655","83.3418269514181","82.600942337666","85.5362749623671","86.8503410427253","82.5399077310656","93.8380924112424","93.9915980674734","91.7957059429897","90.6351458415308","99.8929830153889","110.117585312479","120.658570979382","128.781655685163","128.198263287951","105.419569240082","124.063889160295","137.136922854929","139.055873185015","140.789938680938","141.150667896093","144.567475302452","143.267142559166","154.758146481648","161.05140916195","164.997454061183","163.074629874877","186.724863911573","232.853179245619","208.906863024876","223.914605562179",
"Sweden","SWE","Merchandise trade (% of GDP)","TG.VAL.TOTL.GD.ZS","34.3187325845567","32.7416285445822","32.1803684279637","32.4253133271458","33.197431200126","33.4402242615078","32.5836578993455","31.3114066230379","32.0865821890193","34.1622662581523","36.2855055664036","35.006859488773","34.5292640105309","38.955581117831","49.4890330983149","42.0877207561933","42.6559748173908","41.5755951067312","40.63536357336","45.7252905337575","45.3490616511336","44.4003697828437","47.6234537728051","51.0613415769427","51.1761202115789","51.7813197132132","46.5504795327878","46.6290836713288","46.1442610486362","46.188907360991","42.760341026767","38.420347407624","37.383468639558","43.5689403165251","53.0303869000058","54.4750994015069","52.0110325087061","55.3040864398926","56.5438085057675","55.9455813296813","60.8633826903717","57.2561901345585","55.523409851707","55.569982979259","58.1725787035038","61.9520428358592","65.164851311901","65.7166518997565","68.3677340808456","57.7136171244549","62.4037422808742","63.7974384256136","61.2619055030503","56.1795508870928","56.5761278059251","55.5063186882879","54.6353100464829","57.3899223504777","61.2341311142469","60.1903440359811","56.1271852529353","59.6226018762053","69.6995387291959","67.463407406659","63.7631758364468",
"Eswatini","SWZ","Merchandise trade (% of GDP)","TG.VAL.TOTL.GD.ZS","96.9300376373484","88.3186031907174","93.6248822613143","105.303143242146","90.7963942457885","113.830438247012","114.493930783242","140.449494382022","129.072733333333","106.241742363878","116.818309612984","106.25662397541","102.905562943262","91.9270363636364","119.551632516704","129.379213883677","140.524639240506","114.12218419062","148.841814652262","161.856615739406","183.033647153586","172.572432621282","158.305536405688","153.960804913528","138.93287169294","139.691404984424","140.713263568157","146.886093836711","142.191095913049","155.684669510632","109.357362246904","113.222001507367","117.142507929458","114.427641892224","120.341500339549","110.300860583198","119.669928098501","118.132660254405","130.381663577131","129.531294095254","115.25125530339","145.255364351638","142.329859239382","146.862317070052","142.934530048426","113.94645281702","111.031357188836","105.569751351081","97.3447693567896","97.5827420843473","86.2244047775605","81.7292374137727","79.4892289678531","80.3872171771011","86.2063802229433","82.4928412581849","83.5234906131872","76.4793821984923","79.6769670201067","83.0405946846517","81.1913323037177","87.1840982171192","86.6925324941904","89.4790924180808","90.5351585560351",
"Sint Maarten (Dutch part)","SXM","Merchandise trade (% of GDP)","TG.VAL.TOTL.GD.ZS","","","","","","","","","","","","","","","","","","","","","","","","","","","","","","","","","","","","","","","","","","","","","","","","","","","","91.9783957985199","91.1888706295688","106.461496450027","84.0791837162675","69.5400132260539","69.2353249392177","65.3260479297407","84.7363104582459","78.770892970375","59.2027955098447","67.9195665461546","81.252588940108","82.4772365633863","81.5424464170798",
"Seychelles","SYC","Merchandise trade (% of GDP)","TG.VAL.TOTL.GD.ZS","33.299965034965","25.8798641304348","23.7303737541528","21.547036199095","19.4893383356071","25.6360430686406","36.4896168582376","42.0874607721046","55.9909451287794","60.7827789934354","65.1040546875","77.3925070539419","78.3158875305623","78.5987086653386","81.1415528455285","79.4926761541132","97.4046100192836","88.3359349148418","85.3278565904506","84.079110311453","76.5385055202457","67.1752738071874","71.8775609673726","69.1872003553597","70.8105668994843","70.6766943410046","56.0712854498913","50.9024904398392","63.248045125741","61.3566227053304","61.7089459979284","55.4848159217053","52.0145451295751","57.3150435972521","49.6551135353745","52.7062292927767","96.9639726199445","75.6302122401721","78.1723881767219","87.3515795551883","81.9305786153363","104.521592629898","87.3156692353733","91.3634588369341","88.2406739746939","103.793909564892","105.137469554663","113.152327758917","154.859538095664","139.734132765493","140.991918974498","144.675883946024","143.931404161332","124.516149054854","121.362558189326","98.1567096942218","95.6319563218465","110.363638632269","103.120867488424","90.1701145066519","103.865913038717","107.384893788362","94.1860040593462","91.0678630793176","92.3755746562434",
"Syrian Arab Republic","SYR","Merchandise trade (% of GDP)","TG.VAL.TOTL.GD.ZS","41.0397794971624","32.6899384954449","35.8375857655614","35.3201645520864","30.7578770693737","25.9504427767404","34.4188545071081","26.5784128455438","27.4269981039374","25.7014271979768","26.3036911764706","24.4801697241982","27.0289553532727","29.7577933272488","38.9374502997791","38.3039034810895","45.2870495449949","49.0124014363455","37.9398808237365","50.0821701647252","47.7093817047006","46.8868771759125","37.1435448043263","36.7553478599009","34.1025729340872","34.1816463802944","30.4892606046051","33.5851321723879","33.5821689960064","51.4543424688356","53.7184316910647","47.728235611303","49.6696516920055","53.1908599811483","84.1136453000488","72.5823722579798","68.0152187789948","54.7664401282779","44.635673115363","45.9623094841605","44.6162357136619","49.4143785266651","53.3349912790612","49.6698191987622","62.9371035077209","67.8125485416592","66.3875923596099","64.7492743109542","63.7677520361021","48.5994390947771","49.4503813801787","45.155845749834","36.2164501502558","49.4118916717589","52.9344594146208","52.4204272463287","58.0336896331521","53.1953776989099","44.4883086729621","41.8101277966705","69.9134575044997","56.7329708944259","36.303868165892","45.1097961269337","44.8659916915635",
"Turks and Caicos Islands","TCA","Merchandise trade (% of GDP)","TG.VAL.TOTL.GD.ZS","","","","","","","","","","","","","","","","","","","","","","","","","","","","","","","","","","","","","","","","","","","","","","","","","","","","","","","43.0689783139331","38.4874345481761","32.6933859533242","31.2197923466432","27.8469089550638","25.8776910976369","35.8236778177391","33.563587632101","32.9819213049963","27.2785025261602","26.0688515610945",
"Chad","TCD","Merchandise trade (% of GDP)","TG.VAL.TOTL.GD.ZS","12.1180143512614","13.7734721778226","12.8622501260287","13.9872553758122","15.8063460437032","13.9113314603993","12.9391536718035","20.0077219752521","18.7232878070766","18.0223876471761","19.6050546127852","17.9330476784708","16.7399024073886","18.5414239589617","19.0028763203978","20.9344852412848","20.6686728577305","31.6455538982517","28.3682818235927","17.2256455637888","14.0367533956512","21.7803420777167","20.0151045805331","31.4746546267326","33.9461138237846","22.0701466648799","29.1245339505816","28.7942468720962","25.0911019806107","27.551354622403","27.2057108001286","23.5997568801694","22.5841871711231","22.6208601887275","27.5461555002373","42.0493557271396","35.4621984596669","36.9653559219257","35.4196433416146","36.4246837960598","36.0099072061652","50.7352111635989","91.6872691909229","50.7143195476738","71.0852951374156","46.5694329020637","48.4261670976507","50.3065462828812","46.0868602801864","38.9685857916969","42.6787861863141","48.5455813528677","42.4765420937633","38.062577021528","47.3646408000682","42.0753331862591","34.9677464375845","33.5005328328696","30.2798977271638","30.2706694114383","22.7283414152395","25.7824565143015","34.3775255923883","36.4880845665802","33.8135198956697",
"East Asia & Pacific (IDA & IBRD countries)","TEA","Merchandise trade (% of GDP)","TG.VAL.TOTL.GD.ZS","13.9687570816844","13.9016911084028","14.004762642687","13.8436126833176","13.2766931298892","12.7639716542858","12.3847113364928","13.0513423690073","13.3314708959973","12.4996795522474","12.2732565917374","12.162090732094","13.0275574096267","16.7216102104524","22.7914712255366","20.2795956437377","21.3796672082373","21.5383134579988","27.0485387706708","31.2547292630013","35.5094484179078","35.7694889193147","33.9961288025082","33.39917428644","33.2187937686897","30.5935275808653","30.9536658513621","36.7573852743445","40.9881472895546","44.0914423509753","46.663155590971","49.9092193803306","51.6470791975046","54.1415045021762","54.3774267144463","54.2159821517331","49.5086506915278","51.3304010019498","50.9315946262083","51.0753355239096","58.0973687637325","54.1585191448826","56.0064186944265","61.8257660301029","68.9577923078678","71.8944844111688","71.7555282590523","68.1869890427658","63.4452819439751","49.2660356629559","54.0529791533282","54.0185383524227","51.1295524367594","49.0516745073086","46.71278901681","41.2749018203364","38.4176897898623","39.7612267394094","39.8831387615342","38.11731758697","37.3318148873878","40.0732704947423","42.3571204333112","39.794012229471","40.6901107702987",
"Europe & Central Asia (IDA & IBRD countries)","TEC","Merchandise trade (% of GDP)","TG.VAL.TOTL.GD.ZS","10.4273127753304","10.6898470097357","11.2079701120797","10.1974248927039","8.48111332007952","8.65738161559889","8.57446808510638","7.71519886363636","7.2","6.87328767123288","8.59847328244275","11.4309278350515","11.8547215496368","13.0884615384615","14.9939491730537","13.3354017995656","13.7784256559767","12.8639591025277","10.4487009292623","8.1804470681401","34.8285413434132","38.5897094662185","44.8792322080278","50.2671893719738","56.0680667573818","54.79677388351","49.9383192874591","","","","","","24.8813341762462","25.8096801610636","34.7712933983845","37.5500824144358","41.0944890088941","41.7206608058018","43.1197303890915","45.6864184195311","50.3191867185251","51.3234872620027","50.9894269003681","53.3266472470496","55.2656844267417","53.9462960030746","55.5132390237548","54.7783095764816","56.6759026556207","49.1589112003705","51.5909453028898","54.0398167114891","52.283129884765","50.7393597467161","52.1529451438925","51.8458250633158","51.6082288035908","54.3911194223856","58.7235769584989","57.0507989028889","56.5076242904879","62.5310243524813","62.0356912971973","56.9128985664568","52.178284440913",
"Togo","TGO","Merchandise trade (% of GDP)","TG.VAL.TOTL.GD.ZS","23.9686089599594","25.2104938610123","23.5614455205835","23.2321489765971","30.6941761032488","27.2206053789647","27.1928231287726","23.5318678778821","25.1688973883325","26.7130885765942","33.4573342149489","29.6553772507154","28.4783737918189","28.2214731471062","38.9158986667243","34.4122851518322","33.1549212930921","40.3499855371974","58.7615923655549","58.5215234343303","55.3950367888029","47.2396896643203","49.2098399534642","41.1508452673862","45.6530925190403","44.3988475741891","34.4408795130855","37.8689516007737","37.438212424368","37.526779530274","36.9184126094546","30.7587893689792","27.9823014470754","18.0832405018538","39.6350085147826","52.5658156566737","53.3943845669282","50.5003115716182","44.9668748237776","44.3730402998487","43.9044330543454","43.4679042831847","42.2371756980255","45.9507138113279","46.4036176638651","53.3844763492157","51.6425069197285","50.9047582302065","51.58503749656","51.0812594324333","56.0215603956593","62.0753853676863","68.2362903882098","71.2585961805301","60.2191535365848","58.1534969999065","54.3058638108259","45.2451550337957","45.4673765350623","44.9900708847023","46.3129225591253","46.5482846470382","51.327404994559","49.2143816742445","47.9195725711422",
"Thailand","THA","Merchandise trade (% of GDP)","TG.VAL.TOTL.GD.ZS","31.1871676753195","31.7728406849503","30.4329567383224","30.5049978979371","32.8608202594967","31.078135737445","29.7012965384918","31.0013647851529","29.8799076296133","29.1994282938063","28.3495251979292","28.7322032961793","31.365123334948","33.3346023863313","40.7720981281884","36.874854485898","38.5747395613536","40.9872693898246","39.3267398161501","45.506937377875","48.5851382932463","48.7458557502666","42.342433369193","41.5929971687125","42.6124457902803","42.0634981713398","41.8917666738104","48.9300118742371","58.7637651429084","63.4567823942229","65.7498267023435","67.1829709277845","65.6403743163126","64.432054384135","67.9829771960023","75.1570263803183","69.960845681136","80.0363793989355","85.7246434183769","85.9111685244516","103.555421049623","105.514312663365","98.8474356096581","102.539643504768","110.273428645401","121.020455355247","116.566101308245","111.747954125508","122.520195593302","101.569117150369","110.29661181484","121.72065534178","120.289519698751","113.936153997528","111.752362302204","103.904039031388","99.0854723056637","100.393811686366","98.8956759881473","88.7039844315299","87.4771888388384","106.549719555387","118.725168021378","111.17968860904","115.350167235819",
"Tajikistan","TJK","Merchandise trade (% of GDP)","TG.VAL.TOTL.GD.ZS","","","","","","","","","","","","","","","","","","","","","","","","","","","","","","","","","12.7321483771252","49.3737730885639","68.0025742574257","126.668424068768","137.976653696498","162.232310883829","98.8486906271335","124.515433159851","169.660547377847","123.800331383103","119.48182523035","107.887886461965","101.436444602987","96.8278177365193","110.309685662867","105.470469596389","90.7135847404981","71.8951675594444","68.2709864128125","68.4219956336815","67.3126576648573","62.8875631152143","57.8758734100693","52.3125895173978","56.2037491125254","52.7174578850085","54.3979394758173","54.4886347089741","56.0366415661108","71.1584080541136","68.2315098276637","68.0242146349435","63.0571464059838",
"Turkmenistan","TKM","Merchandise trade (% of GDP)","TG.VAL.TOTL.GD.ZS","","","","","","","","","","","","","","","","","","","","","","","","","","","","","","","","","45.0861443047552","47.2127500302356","141.149261428454","130.729305493486","126.536516129032","91.0073838883888","60.2527745623437","108.750470954874","147.762392418151","140.037291637776","111.38430249779","102.786467132396","105.142305608236","97.3728458652931","94.5442042338981","99.1064148148148","91.0410652920962","58.3742688028328","54.0225598955906","70.4675028506271","75.0763335927678","68.3716308755472","63.1832253071491","47.4864125012969","33.0610697273941","31.7167889590333","29.6403114684011","33.342262523305","23.3317817138738","33.466448685308","40.2452325724652","40.1507467681125","31.5350843921484",
"Latin America & the Caribbean (IDA & IBRD countries)","TLA","Merchandise trade (% of GDP)","TG.VAL.TOTL.GD.ZS","22.6769196300581","21.1700029700467","21.0213258067743","19.6975499644388","19.0608954724123","18.6569073625041","18.2495172174635","18.6902222259848","18.503335559818","18.3786657692588","19.0027910238994","18.0245316362244","18.1369339782037","18.4060593351177","23.3012628609852","22.1893021189882","21.8683806852192","22.7939816229618","21.1729888151625","24.2889178985784","26.8382822300492","25.3832020838752","23.4083281042867","23.7075666177068","24.6181642200385","24.1952622737866","22.0667380498628","23.3586766312581","24.801514806278","24.6442617025173","24.4643229348022","24.3649917585549","25.3391515675527","23.1732438734524","23.2636409916298","25.1112868084161","25.8925479502012","27.2601571773587","27.6017112968954","31.1401867154517","33.2524966291788","32.9933488750511","36.1267068608942","37.8030345156521","40.13261236942","39.8797411399086","40.4303328918475","39.5150211186444","40.1953533568437","32.9024720381159","33.7852582918879","36.4559486739425","36.9669067562509","37.1486724961417","36.7919990324896","37.9832909613201","36.5431750445793","36.3211493864911","40.8559929495584","40.4735302740387","42.1902310581268","47.99210228679","50.0873964571806","42.7933229194984","43.0943707842848",
"Timor-Leste","TLS","Merchandise trade (% of GDP)","TG.VAL.TOTL.GD.ZS","","","","","","","","","","","","","","","","","","","","","","","","","","","","","","","","","","","","","","","","","","","","28.1380492391941","34.7118267742172","25.3099958541071","24.0197933005937","35.1882097075402","43.4833847930068","41.681693407289","29.7082688671546","31.8454659238947","59.8851391186269","61.6882628529545","60.3094149514339","37.4776209995433","34.5633789247534","36.4065776567265","36.3113196817843","36.6534578370329","41.1075599069702","41.048000231559","40.7031117988072","51.6403958758051","56.4427097807695",
"Middle East, North Africa, Afghanistan & Pakistan (IDA & IBRD)","TMN","Merchandise trade (% of GDP)","TG.VAL.TOTL.GD.ZS","38.8442783552826","35.5331466912576","33.1518935685893","37.5911525241504","38.4244683234413","35.5427408615158","35.5727714297833","34.8384144228433","32.6018425924777","32.8446875922267","32.1466200092816","33.4220696206916","31.4306920906284","34.8259797352205","47.7426757567119","49.9648918139934","45.0856191678265","44.1842944642692","43.829429839729","43.7568761747196","48.1445078750893","48.2627305023493","42.6633061507083","37.2976507038478","33.785601196021","29.803747865376","22.8465031040594","28.6951017956298","33.4483015731131","36.6582793680793","28.7792935228099","39.3616804609111","39.1668829989004","41.75024993303","39.8762713662183","39.6657475838501","40.2702269132154","37.7813973076522","34.7291268862356","36.775420117477","38.8256743436151","37.132088170276","39.8061190645836","40.8566044421423","46.1040053256099","50.3553236325478","50.6622327155518","49.0957845487868","54.2575949976291","44.0498794577014","47.2346355987824","44.5272184380849","44.0073766801107","44.8567168275826","43.8185050452578","37.2609871701255","33.6937058001881","37.5401849763908","42.9888020083106","40.8373605375635","35.3099411947173","40.766844634119","46.2297372674319","44.6225426237047","45.081515058236",
"Tonga","TON","Merchandise trade (% of GDP)","TG.VAL.TOTL.GD.ZS","","","","","","","","","","","","","","","","70.754553618531","59.927254381825","79.0875339836099","74.5775452605493","80.5964098290502","84.491052530306","77.118328009896","80.5565996110666","70.6493583386373","77.8230047397249","76.591781204214","68.9191440977838","66.1220710409218","60.0052875718028","59.2412298726043","64.2810350920112","54.4624647049215","54.7180489812719","55.5997287003704","42.3488863458672","43.5674219735925","38.7211962323884","38.6061860163591","39.685670117417","42.6688154343365","38.0769225270945","44.1702867366223","56.903898031142","55.3779420097416","52.0205628877554","50.0336475452396","43.116324276593","50.5829393423036","51.3879322590608","48.9733162841078","45.5180557806575","49.9826354415395","45.6356435782435","47.5886395572979","53.9685307847095","51.882688577358","59.4066564405632","54.3505613063033","49.2370503255356","50.9849946260391","48.1669449354191","50.4519150582089","50.4928392749015","47.7044557172438","46.9506595196373",
"South Asia (IDA & IBRD)","TSA","Merchandise trade (% of GDP)","TG.VAL.TOTL.GD.ZS","11.5230290931222","10.7647111310342","10.2423086304052","9.7628479953506","9.48939202556977","8.72564430792285","13.0121545698411","9.86062988557941","9.22940955725512","8.0520003408949","7.62298093060179","7.50300408717724","7.95391538351377","8.70921193846847","10.2215509062023","11.394506573041","11.869373419419","11.9923404066536","12.0951969691901","13.2531480194697","14.4500478136276","13.9509092001243","13.619038131507","12.1854330710504","13.5511024995398","12.3559406347544","11.4560730419714","11.5466481988938","12.4543938173754","13.7490458289818","14.4426052708254","15.8024936687895","16.9472735344624","18.1713496864545","18.3754969314807","20.8388806401103","20.5518563502501","20.9916666029697","20.7336244660102","20.6370225838401","22.761750445255","21.8023366992603","22.5924568501295","23.628193968143","26.6889701777757","30.8896533570649","33.3224693072441","32.4952218459077","43.4032533269302","32.1887921551359","35.0024928636719","42.466179280138","42.9922724800811","41.9507846719446","38.7476054734259","32.1850448592827","27.9507826318737","28.7897539260911","31.3801487780832","28.8962922046627","24.4741625299406","30.9053018674716","34.754515803679","30.0297680567367","29.422024044791",
"Sub-Saharan Africa (IDA & IBRD countries)","TSS","Merchandise trade (% of GDP)","TG.VAL.TOTL.GD.ZS","32.3617750231623","31.2681453522247","29.1119463038003","28.413236238235","32.6366337598236","31.8910604104519","30.1143203703172","31.3016039600708","30.8527589337821","30.4223847159227","29.6639787041911","32.6166281747811","30.3263558844893","32.2361448736623","39.3641593209409","38.0853928369541","38.2494615585108","40.6488695275827","39.7647792672157","41.36370884182","48.7339656583874","33.7605333542688","30.2375455342176","30.6410572537435","33.2571513231987","33.1036186532574","32.9353263948298","33.663882873818","34.2267017997182","35.9221397087682","33.6396977859151","30.715826559461","35.1111160713645","33.921784874536","34.5195515167899","32.6421735126352","31.2897288562915","31.150105261148","27.8479547231349","39.794549440208","41.5768410679188","43.3047951540123","40.6748482400512","40.6309977092546","43.0801096992351","44.983873760136","45.3329943037294","47.1520523049644","52.2258273671407","43.0364454981096","46.0346657615641","51.6180886649144","50.047196335509","46.8844796557966","45.3632374232124","40.325799365953","38.9375669861451","38.8987718787338","41.4626523924392","35.2675075788415","32.2864012876382","37.2667957632588","40.4289506642042","42.1745412650169","45.7429050022134",
"Trinidad and Tobago","TTO","Merchandise trade (% of GDP)","TG.VAL.TOTL.GD.ZS","108.461640992212","117.44300004288","112.703744912988","110.727875462856","117.151693364497","118.657595628415","122.005164020311","112.338624584718","117.538550371495","122.818275154004","124.840299324694","133.033706096346","122.208793850589","114.304450912739","190.107637849301","132.641749917138","168.931284706817","127.410790144435","112.48245137261","102.446179565502","116.343712414807","98.4828079375484","83.1529917592261","63.5646433746579","52.7517860020411","49.7971888661391","57.0660486674392","55.8800370541918","56.4609849580561","64.7458226745768","60.5564325177585","68.8030285567367","51.3828991136815","66.923780561014","60.6810142639287","78.2103527704427","80.6657394366604","96.3963095729941","86.9833315539209","81.4365433175329","92.9811368231307","88.9420298306404","83.5118888061823","80.2267237139766","85.6532372099118","97.8326830988454","112.355568024109","97.3078722914879","101.325409442332","83.8768068752618","78.807033932667","96.1545741706838","81.2160304810055","109.850875483241","87.4629930179915","74.441691616306","66.3934392365124","65.6043112747545","76.4181870529604","57.6120046618067","49.7641881594862","59.3692846082629","68.8150980417736","68.0073669872403","60.7329196400949",
"Tunisia","TUN","Merchandise trade (% of GDP)","TG.VAL.TOTL.GD.ZS","","37.0603230565019","37.7260837840262","33.9911580134983","36.846889176056","36.9306169517586","37.4656907593779","37.7631578947368","30.9549945115258","33.4908446544595","33.9068290100582","33.3499039945529","34.9041520374707","40.427515330496","57.7855596330275","52.6684713448949","51.3953272115882","53.9014553583649","54.6874730866782","64.5442737850787","65.6211326083886","74.6401000480538","66.4651969444676","59.3611266385561","60.1850530846485","53.4468392630694","51.5535559605609","53.3995225567185","60.2600228159712","72.3035754700258","73.5441996357147","67.9781856876829","67.4336766186578","68.5635945713701","71.8791960060201","74.1894046376336","67.472766756004","64.9419810664505","64.6152766085993","62.5283249068556","67.1384780929149","73.2353970213946","70.8679963040862","68.9774437879525","72.1622717174968","73.3479891643381","77.6718751229342","88.0475097754916","97.9905235014437","77.1842790300151","83.6296652222427","86.8580865585589","87.6701987487702","84.8857369995398","82.7183218271209","74.9112691559895","74.467867169569","82.6733423682624","89.5669497510742","87.0932836089983","75.6828716164821","83.2213901026724","100.638950406793","94.3256722864176","89.553775780762",
"Turkiye","TUR","Merchandise trade (% of GDP)","TG.VAL.TOTL.GD.ZS","10.4273127753304","10.6898470097357","11.2079701120797","10.1974248927039","8.48111332007952","8.65738161559889","8.57446808510638","7.71519886363636","7.2","6.87328767123288","8.59847328244275","11.4309278350515","11.8547215496368","13.0884615384615","14.9939491730537","13.3354017995656","13.7784256559767","12.8639591025277","10.4487009292623","8.1804470681401","15.7213321607464","19.1570180989748","22.6645222165037","24.2105811963353","29.8493755995108","28.7092191306578","24.529212420687","27.9251946216571","28.6073724409845","25.5929420531673","23.4057169868636","22.9364462371982","23.6240555787255","24.8154598761945","31.6692371071244","24.4180192067432","26.7099934504099","28.3605085927514","26.3741560727778","26.0303013994358","29.9466643227571","35.9716962025063","36.3874593677923","36.96754113003","39.1818460829551","37.4276375079992","40.2222304013166","40.4733614674588","43.0724957928678","37.1728189510187","38.2631983885514","44.5098714706441","43.9393271059047","43.8908960214863","44.3200414890376","42.127998826981","40.356996889786","46.6746025679768","51.7939217091211","50.4190777485282","53.0452584845517","59.1281267096302","66.7187866723343","54.1159133718109","44.5737918737467",
"Tuvalu","TUV","Merchandise trade (% of GDP)","TG.VAL.TOTL.GD.ZS","","","","","","","","","","","","","","","","","","","","","95.0993377483444","62.8533203600097","72.8341816233592","72.2447599729547","89.2463123863407","77.6628276409849","65.5779816513761","79.6731250823778","85.5790784557909","59.1399402870076","52.3949693251534","39.4971463733559","47.4607180202161","67.2146261834802","67.9543410756428","50.324533698085","44.9822410222413","58.2487084711324","72.489264327512","54.0522160658782","33.16975","28.6435851851852","65.3103","41.1177066666667","48.249264516129","56.74383","53.948903125","56.2386823529412","81.5700736842105","49.8629055555556","68.52428","68.8828973684211","53.3732131578947","54.3817575","56.7581069767442","100.51087755102","55.2498607142857","59.6334591620821","52.0667805714535","60.9720062268324","65.7048071475499","56.4817776025178","57.5627438983574","40.1410965418709","",
"Tanzania","TZA","Merchandise trade (% of GDP)","TG.VAL.TOTL.GD.ZS","10.0311879158611","8.84586564536708","8.35055570248152","8.4476580807351","10.7233144333319","10.5836002948022","11.4664261013406","10.5363874471177","10.173123220187","9.43200502408565","19.9900443541965","21.3067703347281","20.9629886376055","20.8730255858846","23.2252662974876","20.0700958059774","16.6550483340012","16.1782603855734","17.502232325835","16.3392068447213","15.452403848846","13.6230254860928","11.6030410894292","8.51252591308344","7.46127855994133","10.2490197508759","11.9732148433147","15.5671002162459","14.8245870460584","21.1098680386161","21.9585321769694","26.0497415127775","28.8237163938651","31.4902164739024","30.8832307028517","30.8854229358563","23.0242594857334","18.7306230887787","16.775118855606","16.5219205323757","16.8863246435317","18.8956199154833","18.6841121033213","21.9636636729104","25.2203217417861","26.9959034025125","32.8197959983962","34.1987707946681","38.7293157698609","31.9483563232986","37.2506165876204","44.8219326717501","41.4144682892558","36.4740784454205","33.2508271232245","32.950239212995","27.7250904097774","23.2980326637046","23.0879697694696","23.6896185388871","21.9468397397756","23.2324026129095","27.7811801483852","26.5769345046239","29.1472805048361",
"Uganda","UGA","Merchandise trade (% of GDP)","TG.VAL.TOTL.GD.ZS","51.9915597321538","52.0753929429896","50.9842596607759","56.1672370551781","58.2098169229074","41.4922602089269","41.3883358547655","39.0802431610942","36.7271659919028","34.9148676171079","36.0444814938313","35.9866640324015","29.846338028169","26.6771684764725","25.1554951772857","19.6647202863063","21.9016875740612","28.2311698717949","24.873351776668","29.5461717371232","51.2610375941058","43.9691916548269","33.3409873708381","33.4325249218866","20.5495697441533","20.2858460755028","18.9384088916916","18.613859113353","17.7909380828033","10.3288540359762","10.2220999558785","11.9215017531704","22.6425044186027","22.1708900619697","32.1769798307831","26.3385634865381","29.4147555842458","29.8436836348972","29.1124314586705","31.0240956038038","31.3082951641068","35.0141023109998","24.6011872757037","28.8638323384794","29.976745799763","31.0307520863219","35.2688340159219","40.5794902609124","43.2813371618969","23.1416945048151","23.5552656986674","27.949471848297","30.7662267306735","28.4481281367674","25.5608317726376","24.0681624711798","25.0342515744626","27.6374871263903","29.8113777824294","31.8501416296192","32.9784004249706","32.2010067235475","29.2437233769845","37.0830166031973","40.9927995399674",
"Ukraine","UKR","Merchandise trade (% of GDP)","TG.VAL.TOTL.GD.ZS","","","","","","","","","","","","","","","","","","","","","","","","","","","","","","","","","20.4798349645229","26.4286071554664","40.0631173339735","59.3439357389939","71.8241463658779","62.530493096985","65.2133582661585","74.1846914153417","88.1202348615779","81.5068469279034","79.4746336562198","88.6111993135152","91.732904761372","78.8490529395944","74.5472445125642","73.899782454141","81.0635709518085","70.1501352168119","79.5904399551127","89.2048537258983","83.8860445715018","74.0818270299877","81.1444630701077","83.096996370812","80.9933006706305","82.8562597093076","79.8557039770222","72.0378246948228","66.1029918384207","70.5405820106923","61.3792790776456","54.9421510044492","58.1447341786336",
"Upper middle income","UMC","Merchandise trade (% of GDP)","TG.VAL.TOTL.GD.ZS","18.3570827607985","17.7785044941836","17.435273842907","17.3735826451933","16.8505653918496","16.2420337585393","15.7907833651864","16.2895331512462","16.7448200711701","16.3351999452729","17.0708966532718","17.3390443245942","16.9401578006422","18.9442213895976","24.6747275202733","24.3095838871246","23.8207616390998","24.0309263528101","24.4873201952507","27.4141652847957","32.475400504618","30.9953895830597","29.6429760877462","29.4592485785545","29.1174656083326","27.5582312944055","25.3481171868252","28.3817390123365","30.6828261061573","31.3708960106792","30.0959123758189","33.0423942809109","33.8394482237333","33.5738214336087","34.5944179936749","35.8795758200582","35.1226743678626","36.0169116335626","35.0392477211331","38.0711953140686","42.662678222513","41.9381741062507","44.997274383373","48.721970563795","53.341866417727","54.071980663219","54.9790276862839","53.4965198141388","53.3339012641494","42.7867802054804","46.2106932370993","47.179727752259","46.1883885598974","44.9466351101311","43.3827727966972","39.602782158474","37.0013328062963","37.9291707201792","39.5828731695367","38.0437454873708","37.330941220507","40.7682638658105","43.4401036076742","40.1429663779875","40.2764870783271",
"Uruguay","URY","Merchandise trade (% of GDP)","TG.VAL.TOTL.GD.ZS","27.9323034482759","24.94525","22.3976030927835","22.2123862660944","19.0818268656716","18.0878961748634","19.3457264957265","20.6545169946333","21.0833558863329","19.806075236371","21.7116981132076","15.4955472565355","19.4572194975047","15.3116702717285","21.2458545543585","26.5665950364471","30.8958326452423","32.5177959674678","29.3874784031701","27.7670157610643","26.950650188712","25.8501274654501","23.2383822480451","35.9251418227429","35.2766154179085","34.1714685630244","33.2986810025055","31.6389802904789","31.1924031391583","33.1794774260882","32.6493465493227","28.9304738002453","29.1035618620629","26.4628966368462","26.8904752380453","25.7699596843356","27.8814149229849","26.9214443137309","25.9277921068026","23.3239358893621","25.2417807562882","24.5038441184289","28.1115318424291","36.4945374549169","44.1681593862809","42.0495297084023","44.550998207685","42.6342414040069","48.2364772534248","37.6417998455404","36.5813298304225","37.0224656627778","37.5440699182641","33.7623131564434","33.5256558406614","29.7796503521901","26.408824007798","25.145371984263","25.0839482757882","25.5953195465501","26.9383357061246","32.6890012389126","34.2195682970828","27.8311784836698","28.1133586789336",
"United States","USA","Merchandise trade (% of GDP)","TG.VAL.TOTL.GD.ZS","6.64165277942931","6.4291525870124","6.42005792108249","6.44336378326726","6.72313990478117","6.72417752606165","7.02603915946891","6.94341658008404","7.38259459172007","7.434751521121","7.98031869844769","7.88865519165558","8.44813972215056","10.1303094762364","13.5845947854156","12.7447617193621","13.3067899639802","13.6223200209816","14.11350319506","15.5514356193143","16.8883147663167","15.9669614451452","14.0955664367578","13.085086066794","14.1256480004399","13.166184948118","13.3078844125214","13.9760031224158","14.9332427883229","15.1860648967133","15.2701158985931","15.103499780534","15.3686463884403","15.5748605501535","16.4924259348812","17.7439730022544","17.9248870511309","18.5157903451594","17.9468567475078","18.2245374331521","19.9124802954553","18.0333837093559","17.3237572691918","17.7002684842544","19.1578782627679","20.1990011887688","21.3095832343641","21.8913384514197","23.4052962515328","18.3818694841613","21.5807473802282","24.0294700679637","23.8847891768546","23.2061311993934","22.9796165163713","20.9703869632651","19.7975023057101","20.3043624062811","20.835684306495","19.6932355967522","18.1945908264603","20.1140801891357","21.2338999523793","19.0028709672646","18.8672542761173",
"Uzbekistan","UZB","Merchandise trade (% of GDP)","TG.VAL.TOTL.GD.ZS","","","","","","","","","","","","","","","","","","","","","","","","","","","","","","","","","43.2073927298983","42.3743043948893","39.9641061938173","46.290535415455","63.9477304874724","55.6813877542664","45.5001207492384","37.1520487066981","40.0711776631036","48.4325580167705","50.9713851977128","57.7337498984153","63.7737737541799","58.8152662119899","57.6833179802035","64.4020720822987","66.2449127272914","58.6478340718898","40.9599576928421","39.4257727118706","34.4267070186574","34.3508977533314","31.4489191256072","24.2516309254713","23.5690774910396","31.7259364427974","48.1004643198249","54.6812449292944","49.7100794069323","48.9022118660316","48.2774323514434","53.3934105660482","47.8248681337627",
"St. Vincent and the Grenadines","VCT","Merchandise trade (% of GDP)","TG.VAL.TOTL.GD.ZS","84.1838839285714","71.42875","75.731686746988","80.2433617021277","88.08604743083","86.045444015444","80.7455434782609","82.0960716845878","91.2052117263844","96.0960960960961","102.981029810298","104.728113636364","76.1261094339623","79.562192893401","97.1944142011834","99.2862641781525","100.631708895822","81.0485053015891","85.4633828575173","87.2055901638054","87.4419516896081","80.3240080376832","85.2678263891968","90.7935729080752","97.0190793244862","97.4995450784137","93.8782335481971","86.0003663442635","103.1252877738","94.0650529277355","91.1108029399528","81.2307423986978","75.5516469459546","67.0607867741226","62.1896913548651","56.6442418133658","53.6971240866126","67.2857781848389","65.0396026844573","63.984681593266","49.0716075919229","49.1265076102804","43.4636554544002","46.9464304343822","47.8268615078629","48.280113555338","48.0185623427763","52.5506939027182","58.0075491201354","53.4789110109158","52.744966826963","51.8355115490454","54.6550940394341","54.7869073577756","53.0548709300817","48.3119084616471","46.9112443259863","44.0737019013476","45.0058424669869","41.0771671480291","43.4899949878552","45.9109038396619","48.9289766026037","46.3516911683431","48.6516069976892",
"Venezuela, RB","VEN","Merchandise trade (% of GDP)","TG.VAL.TOTL.GD.ZS","45.577089244051","42.4183306070332","41.3645543201378","37.2682418745801","45.4200690293796","45.9907712590639","41.9070756149408","48.8864864864865","44.2874543239951","46.6985718298295","43.5771263815473","40.2492080992632","40.2712106923352","45.2171242133428","58.6224317051874","53.8874494064252","53.9855222643297","56.5827264203049","53.2959895894949","51.7212148052586","52.520013689954","51.3904939552888","43.6011508301633","30.1319141318866","39.7058559802447","36.3815544572138","28.362689060971","42.1328478032684","38.1394118515991","48.4947081084147","51.0873421984875","49.2054349443554","46.7587344945447","45.2983847838095","43.2669922855708","40.1940895285558","46.69478391675","44.8253035794531","36.7037311212612","35.7517441772293","42.4613748048277","36.6037104484821","42.7844385922032","43.6327741355997","50.107868632191","54.801104825936","54.0632982458848","50.3885128159341","46.0419179821785","30.062680132099","26.6396329425989","44.4925509533089","39.901816183494","53.1130621600885","54.9085712165259","56.3088298623156","37.405116400958","36.7007231546829","45.2357431258052","31.6103396861621","27.0787487486774","19.8357406889896","16.7278456474645","18.3098612842232","24.390047796336",
"British Virgin Islands","VGB","Merchandise trade (% of GDP)","TG.VAL.TOTL.GD.ZS","","","","","","","","","","","","","","","","","","","","","","","","","","","","","","","","","","","","","","","","","","","","","","","","","","","","","","","","","","","","","","","","","",
"Virgin Islands (U.S.)","VIR","Merchandise trade (% of GDP)","TG.VAL.TOTL.GD.ZS","","","","","","","","","","","","","","","","","","","","","","","","","","","","","","","","","","","","","","","","","","","","","","","","","","","","","","","","","","","","","","","","","",
"Viet Nam","VNM","Merchandise trade (% of GDP)","TG.VAL.TOTL.GD.ZS","","","","","","","","","","","","","","","","","","","","","","","","","","18.1273968781314","11.1783532554257","9.02665222996516","14.923017457847","71.6793484220268","79.6694452837564","46.0296464273143","51.9104597984294","49.442553237605","60.6639874824963","65.6051895562973","74.6183593496449","77.3999100654608","76.667787943504","81.1716524537558","96.6267775041096","95.5998468389967","103.958163139603","114.796750673635","128.674357164127","120.074771264627","127.82713863494","143.698024283167","144.657076666087","119.83720036553","106.708388655169","117.996432089414","116.727965784179","123.563459055454","127.677928289089","136.954480212362","136.674626750318","152.097926201777","154.966449745823","154.819009531422","157.329843791999","182.395375109965","176.670558956218","156.631547433057","164.852729357653",
"Vanuatu","VUT","Merchandise trade (% of GDP)","TG.VAL.TOTL.GD.ZS","","","","","","","","","","","","","","","","","","","","87.205278927473","89.9447559207347","79.0987691383969","72.4878721859114","79.2234033433348","78.2101555416056","76.5984693512624","59.2890365448505","63.0986422976501","56.8356313497823","60.3844337511191","68.0960089028277","50.1653546808984","50.6961575772913","50.3761117492616","48.7802161446846","49.3315672736379","48.9727123287671","47.2923811934443","48.4190585104793","46.2674529529095","41.5418835741567","42.6477454642476","41.8893569064099","41.9751985530254","45.2058672156459","47.3462750787986","60.5428022011479","54.0286258459677","62.801690454872","59.228278898778","49.79775404948","48.1722095014876","46.9351922688299","46.419349439268","48.59657922403","53.4428389598783","58.6828502332405","47.3840329665813","49.3042790088418","44.0991368078176","38.1561436781061","41.3512708727878","38.8614040607385","47.7658035707568","56.4414833897542",
"World","WLD","Merchandise trade (% of GDP)","TG.VAL.TOTL.GD.ZS","17.5406057820021","17.2517398590215","16.9977337113044","17.1835604568968","17.5726390841566","17.5688890598509","17.8233644133153","17.6430638485777","18.2651719058351","18.8565953051885","19.8635563385689","20.076561672851","20.4765343559018","23.1728379946764","29.4591216674609","27.4728253741938","28.658202923019","28.9166876739618","28.3399456584151","31.0407601731023","34.023075753913","32.6936038207596","30.766697277692","29.2435017901512","30.1123437138761","29.0176603541477","26.9313430233963","27.9398451674471","28.7359699812352","29.7395549436496","30.0403428848092","29.5329557560707","29.3393251416814","28.7942837551054","30.4782193149933","32.5183658318634","33.3753172407374","34.667328274057","34.3281069083895","35.3919835739039","38.7245339818808","37.4893334990841","37.6923290926559","39.2419205522642","42.3734694923152","44.637852010574","47.3773908269052","48.5428824207186","51.0313295665141","41.6870858057534","46.1427446975915","49.6040076520335","49.0480808065285","48.7203630142833","47.6588184656076","44.1061809568713","42.0555529910363","43.7048316985438","45.2877958194182","43.3956819795174","41.4200054548899","45.8389543386818","49.58352205063","45.2453598858787","44.491426465636",
"Samoa","WSM","Merchandise trade (% of GDP)","TG.VAL.TOTL.GD.ZS","","","","","","","","","","","42.0276457943795","35.3688616008743","38.3594210258594","37.5971832462455","41.6891097791443","47.0642182698457","43.5278357002501","56.9709727913702","58.2128950317602","74.4331265815785","62.8245414598357","56.6880691065778","51.9709137422455","59.0008350323481","64.1020156379002","70.1040877364179","57.4554096780139","66.2406247864236","68.4127888728012","71.6095659344778","71.5613178120563","79.6196059169904","87.6775006873367","83.3815987615969","38.4444721586016","46.2498217762538","44.0162210739232","39.2327761739442","41.5607171187211","52.8565934304675","66.0598586276988","74.7278652942932","72.0394276995152","71.0801995260026","72.3486846401772","68.3722260857763","68.0103705231633","63.29020569691","56.1319307230202","44.1078507353324","55.8609198329228","55.3691215287525","54.5824938943033","53.7771669114826","55.103436835722","52.1749365804567","48.1085520402793","45.2056889350841","46.5593635832396","48.1953858785498","40.1664246684284","46.1775602113486","54.2968289156344","48.9037567356448","45.1626703640804",
"Kosovo","XKX","Merchandise trade (% of GDP)","TG.VAL.TOTL.GD.ZS","","","","","","","","","","","","","","","","","","","","","","","","","","","","","","","","","","","","","","","","","","","","","","","","","","","","","","","","","","","","","","","","","",
"Yemen, Rep.","YEM","Merchandise trade (% of GDP)","TG.VAL.TOTL.GD.ZS","","","","","","","","","","","","","","","","","","","","","","","","","","","","","","","17.8980697224888","18.3015238571072","17.8514084898837","15.788890633918","10.7817832244721","27.5625564397243","72.5505125615674","66.0690664471065","57.9389161498491","58.2250372607801","66.1513632834308","59.2713439195332","58.5125605229373","62.8994222522549","58.1065218778306","65.6603185206425","66.767582622943","68.4047961273179","67.3705813365104","61.4557462092987","50.7720812993712","51.8907998519846","51.7551153218085","50.4834396966189","33.4477751065023","16.6876783951821","11.0799519750309","12.2083750740556","16.6711710431879","24.1186625655367","24.9310169740761","30.2985859790433","25.9627905872893","24.6135180262084","24.0256830250762",
"South Africa","ZAF","Merchandise trade (% of GDP)","TG.VAL.TOTL.GD.ZS","41.309483181309","39.0093370864947","37.6503105563481","38.0498023990713","39.812662295082","39.1001763256561","36.1400147374643","36.6023380762764","34.9960431491171","33.9928473718648","33.8715589997361","33.5183217809365","32.8602812267855","33.7524485248884","39.9717935070938","39.8117732618973","36.7796615012715","35.6818152780597","39.5040147406186","43.2226840259985","50.4664568864253","46.792260190362","42.0003444401561","35.6751906587921","39.0219585853826","42.8362818201435","42.7743136560513","37.8056781317731","39.041389576459","37.6556059397661","33.2793486304415","31.144118503241","29.3815534158393","30.03707722672","31.7048661604905","34.0051139413332","36.3911092319911","37.8895348973179","36.346525831569","35.2455599885891","39.3258093593174","42.4618178741827","45.6976656372092","38.6917065981744","38.9403087458731","39.4402663984146","45.0505485275933","47.5067159535559","57.7045119797555","41.1612823610522","45.0882394973185","50.904682923344","52.2006711467653","55.4978204414106","56.399170366448","53.5470889802255","51.8892209261501","49.9471993832485","51.3104250524781","50.7422966759987","50.2688581174453","56.5639900248925","63.5698026040075","63.3393301992729","58.2195966413372",
"Zambia","ZMB","Merchandise trade (% of GDP)","TG.VAL.TOTL.GD.ZS","81.8616693721843","82.5078001311332","75.0795259386409","74.5378950208706","83.7547743027813","77.8364427129288","83.6158526219209","81.6028491737081","77.2681946136973","78.3845828174834","82.6261804475006","107.787081886882","70.6573496207103","68.8917075954285","75.3697740540281","71.1925260393648","63.5832841859191","62.2988075612624","52.43624946313","63.2782037788803","67.8846455150803","58.3813909450852","57.4769490724001","50.7972113268918","50.817811313334","63.8414671597096","69.9946253939581","74.5612746939343","54.0108826201213","56.4001085741157","76.907128060918","56.2957897951429","48.7305114087267","49.9464588646239","41.5936730316698","45.705478883445","52.0401726714922","40.2947654607952","60.2644295434051","55.3713940112162","49.4357641914411","50.5319248168591","49.071850004675","52.102567447342","59.9249951936447","52.4252048018378","53.6495704313673","61.3504003822279","56.7197821465716","53.1303375049066","61.7846253392374","68.9656193231028","71.2463512250953","75.5887541217596","71.4821972667357","68.4290228540579","65.1862347638571","61.792712343453","70.3114413308831","60.9730257146967","72.8314654562341","81.4340173584156","70.7967159421938","74.5377926077811","88.494787107337",
"Zimbabwe","ZWE","Merchandise trade (% of GDP)","TG.VAL.TOTL.GD.ZS","40.3406445110991","41.6512287331215","40.0653843587912","37.927643093209","60.2746299203542","63.8668207654541","43.1221383772726","40.9954736385488","40.260603510449","36.9376874446367","39.6781541723961","39.4526412089541","37.0647329875825","39.0813373922932","43.3713753299903","42.6200092690946","36.8932215640523","36.3439791891731","36.1291728558263","38.2810927583516","42.8297037536988","38.7126671962305","34.1055621249115","30.1234630149379","35.4503403189789","37.9955270860079","39.1274404168335","39.0234816533298","37.6401713802944","38.1639173613164","40.6563200099565","41.4873930141106","54.0044411547002","51.5588716738361","59.8324690865576","67.1539002108222","60.8705813613789","66.0065619873447","75.1258733070528","58.4857538439117","56.5943301086916","43.0925782546179","59.3042039320752","58.9826367681703","70.4312645261255","72.8693613511049","75.7699545600587","105.444071958072","93.2548664554097","82.5995915518445","70.8514037890892","81.4799064426961","63.1938563961807","58.2333154457286","50.9394786085976","46.5672837420049","42.175663022727","16.7431957189528","30.6019038320722","27.2380925210903","31.3880393613621","32.9710995639643","37.3893809175523","45.8271101862144","40.7588826656759",
